2025-11-11T20:04:52.899+05:30  INFO 34714 --- [lava] [main] com.lava.lava.LavaApplication            : Starting LavaApplication using Java 17.0.16 with PID 34714 (/home/sathsara/Desktop/lava project demo/lava/target/classes started by sathsara in /home/sathsara/Desktop/lava project demo/lava)
2025-11-11T20:04:52.907+05:30  INFO 34714 --- [lava] [main] com.lava.lava.LavaApplication            : No active profile set, falling back to 1 default profile: "default"
2025-11-11T20:04:56.668+05:30  INFO 34714 --- [lava] [main] .s.d.r.c.RepositoryConfigurationDelegate : Bootstrapping Spring Data JPA repositories in DEFAULT mode.
2025-11-11T20:04:56.770+05:30  INFO 34714 --- [lava] [main] .s.d.r.c.RepositoryConfigurationDelegate : Finished Spring Data repository scanning in 68 ms. Found 0 JPA repository interfaces.
2025-11-11T20:04:58.876+05:30  INFO 34714 --- [lava] [main] o.s.b.w.embedded.tomcat.TomcatWebServer  : Tomcat initialized with port 8080 (http)
2025-11-11T20:04:58.924+05:30  INFO 34714 --- [lava] [main] o.apache.catalina.core.StandardService   : Starting service [Tomcat]
2025-11-11T20:04:58.927+05:30  INFO 34714 --- [lava] [main] o.apache.catalina.core.StandardEngine    : Starting Servlet engine: [Apache Tomcat/10.1.48]
2025-11-11T20:04:59.438+05:30  INFO 34714 --- [lava] [main] o.a.c.c.C.[Tomcat].[localhost].[/]       : Initializing Spring embedded WebApplicationContext
2025-11-11T20:04:59.442+05:30  INFO 34714 --- [lava] [main] w.s.c.ServletWebServerApplicationContext : Root WebApplicationContext: initialization completed in 6327 ms
2025-11-11T20:05:00.837+05:30  INFO 34714 --- [lava] [main] o.hibernate.jpa.internal.util.LogHelper  : HHH000204: Processing PersistenceUnitInfo [name: default]
2025-11-11T20:05:01.170+05:30  INFO 34714 --- [lava] [main] org.hibernate.Version                    : HHH000412: Hibernate ORM core version 6.6.33.Final
2025-11-11T20:05:01.385+05:30  INFO 34714 --- [lava] [main] o.h.c.internal.RegionFactoryInitiator    : HHH000026: Second-level cache disabled
2025-11-11T20:05:02.885+05:30  INFO 34714 --- [lava] [main] o.s.o.j.p.SpringPersistenceUnitInfo      : No LoadTimeWeaver setup: ignoring JPA class transformer
2025-11-11T20:05:03.202+05:30  INFO 34714 --- [lava] [main] com.zaxxer.hikari.HikariDataSource       : HikariPool-1 - Starting...
2025-11-11T20:05:04.114+05:30  INFO 34714 --- [lava] [main] com.zaxxer.hikari.pool.HikariPool        : HikariPool-1 - Added connection com.mysql.cj.jdbc.ConnectionImpl@1c7cd434
2025-11-11T20:05:04.121+05:30  INFO 34714 --- [lava] [main] com.zaxxer.hikari.HikariDataSource       : HikariPool-1 - Start completed.
2025-11-11T20:05:04.322+05:30  WARN 34714 --- [lava] [main] org.hibernate.orm.deprecation            : HHH90000025: MySQL8Dialect does not need to be specified explicitly using 'hibernate.dialect' (remove the property setting and it will be selected by default)
2025-11-11T20:05:04.327+05:30  WARN 34714 --- [lava] [main] org.hibernate.orm.deprecation            : HHH90000026: MySQL8Dialect has been deprecated; use org.hibernate.dialect.MySQLDialect instead
2025-11-11T20:05:04.416+05:30  INFO 34714 --- [lava] [main] org.hibernate.orm.connections.pooling    : HHH10001005: Database info:
	Database JDBC URL [Connecting through datasource 'HikariDataSource (HikariPool-1)']
	Database driver: undefined/unknown
	Database version: 8.0
	Autocommit mode: undefined/unknown
	Isolation level: undefined/unknown
	Minimum pool size: undefined/unknown
	Maximum pool size: undefined/unknown
2025-11-11T20:05:09.376+05:30  INFO 34714 --- [lava] [main] o.h.e.t.j.p.i.JtaPlatformInitiator       : HHH000489: No JTA platform available (set 'hibernate.transaction.jta.platform' to enable JTA platform integration)
2025-11-11T20:05:10.380+05:30  INFO 34714 --- [lava] [main] j.LocalContainerEntityManagerFactoryBean : Initialized JPA EntityManagerFactory for persistence unit 'default'
2025-11-11T20:05:10.575+05:30  WARN 34714 --- [lava] [main] JpaBaseConfiguration$JpaWebConfiguration : spring.jpa.open-in-view is enabled by default. Therefore, database queries may be performed during view rendering. Explicitly configure spring.jpa.open-in-view to disable this warning
2025-11-11T20:05:13.375+05:30  INFO 34714 --- [lava] [main] o.s.b.w.embedded.tomcat.TomcatWebServer  : Tomcat started on port 8080 (http) with context path '/'
2025-11-11T20:05:13.407+05:30  INFO 34714 --- [lava] [main] com.lava.lava.LavaApplication            : Started LavaApplication in 24.145 seconds (process running for 26.002)
2025-11-11T22:51:00.992+05:30  INFO 34714 --- [lava] [SpringApplicationShutdownHook] o.s.b.w.e.tomcat.GracefulShutdown        : Commencing graceful shutdown. Waiting for active requests to complete
2025-11-11T22:51:01.080+05:30  INFO 34714 --- [lava] [tomcat-shutdown] o.s.b.w.e.tomcat.GracefulShutdown        : Graceful shutdown complete
2025-11-11T22:51:01.112+05:30  INFO 34714 --- [lava] [SpringApplicationShutdownHook] j.LocalContainerEntityManagerFactoryBean : Closing JPA EntityManagerFactory for persistence unit 'default'
2025-11-11T22:51:01.132+05:30  INFO 34714 --- [lava] [SpringApplicationShutdownHook] com.zaxxer.hikari.HikariDataSource       : HikariPool-1 - Shutdown initiated...
2025-11-11T22:51:01.155+05:30  INFO 34714 --- [lava] [SpringApplicationShutdownHook] com.zaxxer.hikari.HikariDataSource       : HikariPool-1 - Shutdown completed.
2025-11-11T22:51:15.617+05:30  INFO 51994 --- [lava] [main] com.lava.lava.LavaApplication            : Starting LavaApplication using Java 17.0.16 with PID 51994 (/home/sathsara/Desktop/lava project demo/lava/target/classes started by sathsara in /home/sathsara/Desktop/lava project demo/lava)
2025-11-11T22:51:15.641+05:30  INFO 51994 --- [lava] [main] com.lava.lava.LavaApplication            : No active profile set, falling back to 1 default profile: "default"
2025-11-11T22:51:21.162+05:30  INFO 51994 --- [lava] [main] .s.d.r.c.RepositoryConfigurationDelegate : Bootstrapping Spring Data JPA repositories in DEFAULT mode.
2025-11-11T22:51:22.016+05:30  INFO 51994 --- [lava] [main] .s.d.r.c.RepositoryConfigurationDelegate : Finished Spring Data repository scanning in 665 ms. Found 13 JPA repository interfaces.
2025-11-11T22:51:27.825+05:30  INFO 51994 --- [lava] [main] o.s.b.w.embedded.tomcat.TomcatWebServer  : Tomcat initialized with port 8080 (http)
2025-11-11T22:51:27.933+05:30  INFO 51994 --- [lava] [main] o.apache.catalina.core.StandardService   : Starting service [Tomcat]
2025-11-11T22:51:27.939+05:30  INFO 51994 --- [lava] [main] o.apache.catalina.core.StandardEngine    : Starting Servlet engine: [Apache Tomcat/10.1.48]
2025-11-11T22:51:28.328+05:30  INFO 51994 --- [lava] [main] o.a.c.c.C.[Tomcat].[localhost].[/]       : Initializing Spring embedded WebApplicationContext
2025-11-11T22:51:28.330+05:30  INFO 51994 --- [lava] [main] w.s.c.ServletWebServerApplicationContext : Root WebApplicationContext: initialization completed in 12436 ms
2025-11-11T22:51:30.174+05:30  INFO 51994 --- [lava] [main] o.hibernate.jpa.internal.util.LogHelper  : HHH000204: Processing PersistenceUnitInfo [name: default]
2025-11-11T22:51:30.519+05:30  INFO 51994 --- [lava] [main] org.hibernate.Version                    : HHH000412: Hibernate ORM core version 6.6.33.Final
2025-11-11T22:51:31.161+05:30  INFO 51994 --- [lava] [main] o.h.c.internal.RegionFactoryInitiator    : HHH000026: Second-level cache disabled
2025-11-11T22:51:32.925+05:30  INFO 51994 --- [lava] [main] o.s.o.j.p.SpringPersistenceUnitInfo      : No LoadTimeWeaver setup: ignoring JPA class transformer
2025-11-11T22:51:33.180+05:30  INFO 51994 --- [lava] [main] com.zaxxer.hikari.HikariDataSource       : HikariPool-1 - Starting...
2025-11-11T22:51:34.172+05:30  INFO 51994 --- [lava] [main] com.zaxxer.hikari.pool.HikariPool        : HikariPool-1 - Added connection com.mysql.cj.jdbc.ConnectionImpl@236861da
2025-11-11T22:51:34.180+05:30  INFO 51994 --- [lava] [main] com.zaxxer.hikari.HikariDataSource       : HikariPool-1 - Start completed.
2025-11-11T22:51:34.500+05:30  WARN 51994 --- [lava] [main] org.hibernate.orm.deprecation            : HHH90000025: MySQL8Dialect does not need to be specified explicitly using 'hibernate.dialect' (remove the property setting and it will be selected by default)
2025-11-11T22:51:34.504+05:30  WARN 51994 --- [lava] [main] org.hibernate.orm.deprecation            : HHH90000026: MySQL8Dialect has been deprecated; use org.hibernate.dialect.MySQLDialect instead
2025-11-11T22:51:34.598+05:30  INFO 51994 --- [lava] [main] org.hibernate.orm.connections.pooling    : HHH10001005: Database info:
	Database JDBC URL [Connecting through datasource 'HikariDataSource (HikariPool-1)']
	Database driver: undefined/unknown
	Database version: 8.0
	Autocommit mode: undefined/unknown
	Isolation level: undefined/unknown
	Minimum pool size: undefined/unknown
	Maximum pool size: undefined/unknown
2025-11-11T22:51:41.219+05:30  INFO 51994 --- [lava] [main] o.h.e.t.j.p.i.JtaPlatformInitiator       : HHH000489: No JTA platform available (set 'hibernate.transaction.jta.platform' to enable JTA platform integration)
2025-11-11T22:51:41.970+05:30  INFO 51994 --- [lava] [main] j.LocalContainerEntityManagerFactoryBean : Initialized JPA EntityManagerFactory for persistence unit 'default'
2025-11-11T22:51:42.143+05:30  WARN 51994 --- [lava] [main] JpaBaseConfiguration$JpaWebConfiguration : spring.jpa.open-in-view is enabled by default. Therefore, database queries may be performed during view rendering. Explicitly configure spring.jpa.open-in-view to disable this warning
2025-11-11T22:51:45.562+05:30  WARN 51994 --- [lava] [main] ConfigServletWebServerApplicationContext : Exception encountered during context initialization - cancelling refresh attempt: org.springframework.beans.factory.BeanCreationException: Error creating bean with name 'salaryStructureRepo' defined in com.lava.lava.repository.SalaryStructureRepo defined in @EnableJpaRepositories declared on JpaRepositoriesRegistrar.EnableJpaRepositoriesConfiguration: Could not create query for public abstract java.util.List com.lava.lava.repository.SalaryStructureRepo.findByRoleId(java.lang.Long); Reason: Failed to create query for method public abstract java.util.List com.lava.lava.repository.SalaryStructureRepo.findByRoleId(java.lang.Long); No property 'roleId' found for type 'SalaryStructure'
2025-11-11T22:51:45.565+05:30  INFO 51994 --- [lava] [main] j.LocalContainerEntityManagerFactoryBean : Closing JPA EntityManagerFactory for persistence unit 'default'
2025-11-11T22:51:45.574+05:30  INFO 51994 --- [lava] [main] com.zaxxer.hikari.HikariDataSource       : HikariPool-1 - Shutdown initiated...
2025-11-11T22:51:45.613+05:30  INFO 51994 --- [lava] [main] com.zaxxer.hikari.HikariDataSource       : HikariPool-1 - Shutdown completed.
2025-11-11T22:51:45.621+05:30  INFO 51994 --- [lava] [main] o.apache.catalina.core.StandardService   : Stopping service [Tomcat]
2025-11-11T22:51:45.686+05:30  INFO 51994 --- [lava] [main] .s.b.a.l.ConditionEvaluationReportLogger : 

Error starting ApplicationContext. To display the condition evaluation report re-run your application with 'debug' enabled.
2025-11-11T22:51:45.762+05:30 ERROR 51994 --- [lava] [main] o.s.boot.SpringApplication               : Application run failed

org.springframework.beans.factory.BeanCreationException: Error creating bean with name 'salaryStructureRepo' defined in com.lava.lava.repository.SalaryStructureRepo defined in @EnableJpaRepositories declared on JpaRepositoriesRegistrar.EnableJpaRepositoriesConfiguration: Could not create query for public abstract java.util.List com.lava.lava.repository.SalaryStructureRepo.findByRoleId(java.lang.Long); Reason: Failed to create query for method public abstract java.util.List com.lava.lava.repository.SalaryStructureRepo.findByRoleId(java.lang.Long); No property 'roleId' found for type 'SalaryStructure'
	at org.springframework.beans.factory.support.AbstractAutowireCapableBeanFactory.initializeBean(AbstractAutowireCapableBeanFactory.java:1826) ~[spring-beans-6.2.12.jar:6.2.12]
	at org.springframework.beans.factory.support.AbstractAutowireCapableBeanFactory.doCreateBean(AbstractAutowireCapableBeanFactory.java:607) ~[spring-beans-6.2.12.jar:6.2.12]
	at org.springframework.beans.factory.support.AbstractAutowireCapableBeanFactory.createBean(AbstractAutowireCapableBeanFactory.java:529) ~[spring-beans-6.2.12.jar:6.2.12]
	at org.springframework.beans.factory.support.AbstractBeanFactory.lambda$doGetBean$0(AbstractBeanFactory.java:339) ~[spring-beans-6.2.12.jar:6.2.12]
	at org.springframework.beans.factory.support.DefaultSingletonBeanRegistry.getSingleton(DefaultSingletonBeanRegistry.java:373) ~[spring-beans-6.2.12.jar:6.2.12]
	at org.springframework.beans.factory.support.AbstractBeanFactory.doGetBean(AbstractBeanFactory.java:337) ~[spring-beans-6.2.12.jar:6.2.12]
	at org.springframework.beans.factory.support.AbstractBeanFactory.getBean(AbstractBeanFactory.java:202) ~[spring-beans-6.2.12.jar:6.2.12]
	at org.springframework.beans.factory.support.DefaultListableBeanFactory.instantiateSingleton(DefaultListableBeanFactory.java:1222) ~[spring-beans-6.2.12.jar:6.2.12]
	at org.springframework.beans.factory.support.DefaultListableBeanFactory.preInstantiateSingleton(DefaultListableBeanFactory.java:1194) ~[spring-beans-6.2.12.jar:6.2.12]
	at org.springframework.beans.factory.support.DefaultListableBeanFactory.preInstantiateSingletons(DefaultListableBeanFactory.java:1130) ~[spring-beans-6.2.12.jar:6.2.12]
	at org.springframework.context.support.AbstractApplicationContext.finishBeanFactoryInitialization(AbstractApplicationContext.java:990) ~[spring-context-6.2.12.jar:6.2.12]
	at org.springframework.context.support.AbstractApplicationContext.refresh(AbstractApplicationContext.java:627) ~[spring-context-6.2.12.jar:6.2.12]
	at org.springframework.boot.web.servlet.context.ServletWebServerApplicationContext.refresh(ServletWebServerApplicationContext.java:146) ~[spring-boot-3.5.7.jar:3.5.7]
	at org.springframework.boot.SpringApplication.refresh(SpringApplication.java:752) ~[spring-boot-3.5.7.jar:3.5.7]
	at org.springframework.boot.SpringApplication.refreshContext(SpringApplication.java:439) ~[spring-boot-3.5.7.jar:3.5.7]
	at org.springframework.boot.SpringApplication.run(SpringApplication.java:318) ~[spring-boot-3.5.7.jar:3.5.7]
	at org.springframework.boot.SpringApplication.run(SpringApplication.java:1361) ~[spring-boot-3.5.7.jar:3.5.7]
	at org.springframework.boot.SpringApplication.run(SpringApplication.java:1350) ~[spring-boot-3.5.7.jar:3.5.7]
	at com.lava.lava.LavaApplication.main(LavaApplication.java:13) ~[classes/:na]
Caused by: org.springframework.data.repository.query.QueryCreationException: Could not create query for public abstract java.util.List com.lava.lava.repository.SalaryStructureRepo.findByRoleId(java.lang.Long); Reason: Failed to create query for method public abstract java.util.List com.lava.lava.repository.SalaryStructureRepo.findByRoleId(java.lang.Long); No property 'roleId' found for type 'SalaryStructure'
	at org.springframework.data.repository.query.QueryCreationException.create(QueryCreationException.java:101) ~[spring-data-commons-3.5.5.jar:3.5.5]
	at org.springframework.data.repository.core.support.QueryExecutorMethodInterceptor.lookupQuery(QueryExecutorMethodInterceptor.java:120) ~[spring-data-commons-3.5.5.jar:3.5.5]
	at org.springframework.data.repository.core.support.QueryExecutorMethodInterceptor.mapMethodsToQuery(QueryExecutorMethodInterceptor.java:104) ~[spring-data-commons-3.5.5.jar:3.5.5]
	at org.springframework.data.repository.core.support.QueryExecutorMethodInterceptor.lambda$new$0(QueryExecutorMethodInterceptor.java:92) ~[spring-data-commons-3.5.5.jar:3.5.5]
	at java.base/java.util.Optional.map(Optional.java:260) ~[na:na]
	at org.springframework.data.repository.core.support.QueryExecutorMethodInterceptor.<init>(QueryExecutorMethodInterceptor.java:92) ~[spring-data-commons-3.5.5.jar:3.5.5]
	at org.springframework.data.repository.core.support.RepositoryFactorySupport.getRepository(RepositoryFactorySupport.java:434) ~[spring-data-commons-3.5.5.jar:3.5.5]
	at org.springframework.data.repository.core.support.RepositoryFactoryBeanSupport.lambda$afterPropertiesSet$4(RepositoryFactoryBeanSupport.java:350) ~[spring-data-commons-3.5.5.jar:3.5.5]
	at org.springframework.data.util.Lazy.getNullable(Lazy.java:135) ~[spring-data-commons-3.5.5.jar:3.5.5]
	at org.springframework.data.util.Lazy.get(Lazy.java:113) ~[spring-data-commons-3.5.5.jar:3.5.5]
	at org.springframework.data.repository.core.support.RepositoryFactoryBeanSupport.afterPropertiesSet(RepositoryFactoryBeanSupport.java:356) ~[spring-data-commons-3.5.5.jar:3.5.5]
	at org.springframework.data.jpa.repository.support.JpaRepositoryFactoryBean.afterPropertiesSet(JpaRepositoryFactoryBean.java:132) ~[spring-data-jpa-3.5.5.jar:3.5.5]
	at org.springframework.beans.factory.support.AbstractAutowireCapableBeanFactory.invokeInitMethods(AbstractAutowireCapableBeanFactory.java:1873) ~[spring-beans-6.2.12.jar:6.2.12]
	at org.springframework.beans.factory.support.AbstractAutowireCapableBeanFactory.initializeBean(AbstractAutowireCapableBeanFactory.java:1822) ~[spring-beans-6.2.12.jar:6.2.12]
	... 18 common frames omitted
Caused by: java.lang.IllegalArgumentException: Failed to create query for method public abstract java.util.List com.lava.lava.repository.SalaryStructureRepo.findByRoleId(java.lang.Long); No property 'roleId' found for type 'SalaryStructure'
	at org.springframework.data.jpa.repository.query.PartTreeJpaQuery.<init>(PartTreeJpaQuery.java:107) ~[spring-data-jpa-3.5.5.jar:3.5.5]
	at org.springframework.data.jpa.repository.query.JpaQueryLookupStrategy$CreateQueryLookupStrategy.resolveQuery(JpaQueryLookupStrategy.java:128) ~[spring-data-jpa-3.5.5.jar:3.5.5]
	at org.springframework.data.jpa.repository.query.JpaQueryLookupStrategy$CreateIfNotFoundQueryLookupStrategy.resolveQuery(JpaQueryLookupStrategy.java:260) ~[spring-data-jpa-3.5.5.jar:3.5.5]
	at org.springframework.data.jpa.repository.query.JpaQueryLookupStrategy$AbstractQueryLookupStrategy.resolveQuery(JpaQueryLookupStrategy.java:99) ~[spring-data-jpa-3.5.5.jar:3.5.5]
	at org.springframework.data.repository.core.support.QueryExecutorMethodInterceptor.lookupQuery(QueryExecutorMethodInterceptor.java:116) ~[spring-data-commons-3.5.5.jar:3.5.5]
	... 30 common frames omitted
Caused by: org.springframework.data.mapping.PropertyReferenceException: No property 'roleId' found for type 'SalaryStructure'
	at org.springframework.data.mapping.PropertyPath.<init>(PropertyPath.java:94) ~[spring-data-commons-3.5.5.jar:3.5.5]
	at org.springframework.data.mapping.PropertyPath.create(PropertyPath.java:455) ~[spring-data-commons-3.5.5.jar:3.5.5]
	at org.springframework.data.mapping.PropertyPath.create(PropertyPath.java:431) ~[spring-data-commons-3.5.5.jar:3.5.5]
	at org.springframework.data.mapping.PropertyPath.lambda$from$0(PropertyPath.java:384) ~[spring-data-commons-3.5.5.jar:3.5.5]
	at java.base/java.util.concurrent.ConcurrentMap.computeIfAbsent(ConcurrentMap.java:330) ~[na:na]
	at org.springframework.data.mapping.PropertyPath.from(PropertyPath.java:366) ~[spring-data-commons-3.5.5.jar:3.5.5]
	at org.springframework.data.mapping.PropertyPath.from(PropertyPath.java:344) ~[spring-data-commons-3.5.5.jar:3.5.5]
	at org.springframework.data.repository.query.parser.Part.<init>(Part.java:81) ~[spring-data-commons-3.5.5.jar:3.5.5]
	at org.springframework.data.repository.query.parser.PartTree$OrPart.lambda$new$0(PartTree.java:259) ~[spring-data-commons-3.5.5.jar:3.5.5]
	at java.base/java.util.stream.ReferencePipeline$3$1.accept(ReferencePipeline.java:197) ~[na:na]
	at java.base/java.util.stream.ReferencePipeline$2$1.accept(ReferencePipeline.java:179) ~[na:na]
	at java.base/java.util.Spliterators$ArraySpliterator.forEachRemaining(Spliterators.java:992) ~[na:na]
	at java.base/java.util.stream.AbstractPipeline.copyInto(AbstractPipeline.java:509) ~[na:na]
	at java.base/java.util.stream.AbstractPipeline.wrapAndCopyInto(AbstractPipeline.java:499) ~[na:na]
	at java.base/java.util.stream.ReduceOps$ReduceOp.evaluateSequential(ReduceOps.java:921) ~[na:na]
	at java.base/java.util.stream.AbstractPipeline.evaluate(AbstractPipeline.java:234) ~[na:na]
	at java.base/java.util.stream.ReferencePipeline.collect(ReferencePipeline.java:682) ~[na:na]
	at org.springframework.data.repository.query.parser.PartTree$OrPart.<init>(PartTree.java:260) ~[spring-data-commons-3.5.5.jar:3.5.5]
	at org.springframework.data.repository.query.parser.PartTree$Predicate.lambda$new$0(PartTree.java:389) ~[spring-data-commons-3.5.5.jar:3.5.5]
	at java.base/java.util.stream.ReferencePipeline$3$1.accept(ReferencePipeline.java:197) ~[na:na]
	at java.base/java.util.stream.ReferencePipeline$2$1.accept(ReferencePipeline.java:179) ~[na:na]
	at java.base/java.util.Spliterators$ArraySpliterator.forEachRemaining(Spliterators.java:992) ~[na:na]
	at java.base/java.util.stream.AbstractPipeline.copyInto(AbstractPipeline.java:509) ~[na:na]
	at java.base/java.util.stream.AbstractPipeline.wrapAndCopyInto(AbstractPipeline.java:499) ~[na:na]
	at java.base/java.util.stream.ReduceOps$ReduceOp.evaluateSequential(ReduceOps.java:921) ~[na:na]
	at java.base/java.util.stream.AbstractPipeline.evaluate(AbstractPipeline.java:234) ~[na:na]
	at java.base/java.util.stream.ReferencePipeline.collect(ReferencePipeline.java:682) ~[na:na]
	at org.springframework.data.repository.query.parser.PartTree$Predicate.<init>(PartTree.java:390) ~[spring-data-commons-3.5.5.jar:3.5.5]
	at org.springframework.data.repository.query.parser.PartTree.<init>(PartTree.java:103) ~[spring-data-commons-3.5.5.jar:3.5.5]
	at org.springframework.data.jpa.repository.query.PartTreeJpaQuery.<init>(PartTreeJpaQuery.java:101) ~[spring-data-jpa-3.5.5.jar:3.5.5]
	... 34 common frames omitted

2025-11-11T22:54:29.876+05:30  INFO 52228 --- [lava] [main] com.lava.lava.LavaApplication            : Starting LavaApplication using Java 17.0.16 with PID 52228 (/home/sathsara/Desktop/lava project demo/lava/target/classes started by sathsara in /home/sathsara/Desktop/lava project demo/lava)
2025-11-11T22:54:29.895+05:30  INFO 52228 --- [lava] [main] com.lava.lava.LavaApplication            : No active profile set, falling back to 1 default profile: "default"
2025-11-11T22:54:33.301+05:30  INFO 52228 --- [lava] [main] .s.d.r.c.RepositoryConfigurationDelegate : Bootstrapping Spring Data JPA repositories in DEFAULT mode.
2025-11-11T22:54:33.684+05:30  INFO 52228 --- [lava] [main] .s.d.r.c.RepositoryConfigurationDelegate : Finished Spring Data repository scanning in 326 ms. Found 13 JPA repository interfaces.
2025-11-11T22:54:35.840+05:30  INFO 52228 --- [lava] [main] o.s.b.w.embedded.tomcat.TomcatWebServer  : Tomcat initialized with port 8080 (http)
2025-11-11T22:54:35.892+05:30  INFO 52228 --- [lava] [main] o.apache.catalina.core.StandardService   : Starting service [Tomcat]
2025-11-11T22:54:35.896+05:30  INFO 52228 --- [lava] [main] o.apache.catalina.core.StandardEngine    : Starting Servlet engine: [Apache Tomcat/10.1.48]
2025-11-11T22:54:36.107+05:30  INFO 52228 --- [lava] [main] o.a.c.c.C.[Tomcat].[localhost].[/]       : Initializing Spring embedded WebApplicationContext
2025-11-11T22:54:36.109+05:30  INFO 52228 --- [lava] [main] w.s.c.ServletWebServerApplicationContext : Root WebApplicationContext: initialization completed in 5952 ms
2025-11-11T22:54:36.833+05:30  INFO 52228 --- [lava] [main] o.hibernate.jpa.internal.util.LogHelper  : HHH000204: Processing PersistenceUnitInfo [name: default]
2025-11-11T22:54:37.039+05:30  INFO 52228 --- [lava] [main] org.hibernate.Version                    : HHH000412: Hibernate ORM core version 6.6.33.Final
2025-11-11T22:54:37.162+05:30  INFO 52228 --- [lava] [main] o.h.c.internal.RegionFactoryInitiator    : HHH000026: Second-level cache disabled
2025-11-11T22:54:38.220+05:30  INFO 52228 --- [lava] [main] o.s.o.j.p.SpringPersistenceUnitInfo      : No LoadTimeWeaver setup: ignoring JPA class transformer
2025-11-11T22:54:38.382+05:30  INFO 52228 --- [lava] [main] com.zaxxer.hikari.HikariDataSource       : HikariPool-1 - Starting...
2025-11-11T22:54:39.040+05:30  INFO 52228 --- [lava] [main] com.zaxxer.hikari.pool.HikariPool        : HikariPool-1 - Added connection com.mysql.cj.jdbc.ConnectionImpl@46ab4efc
2025-11-11T22:54:39.045+05:30  INFO 52228 --- [lava] [main] com.zaxxer.hikari.HikariDataSource       : HikariPool-1 - Start completed.
2025-11-11T22:54:39.264+05:30  WARN 52228 --- [lava] [main] org.hibernate.orm.deprecation            : HHH90000025: MySQL8Dialect does not need to be specified explicitly using 'hibernate.dialect' (remove the property setting and it will be selected by default)
2025-11-11T22:54:39.276+05:30  WARN 52228 --- [lava] [main] org.hibernate.orm.deprecation            : HHH90000026: MySQL8Dialect has been deprecated; use org.hibernate.dialect.MySQLDialect instead
2025-11-11T22:54:39.413+05:30  INFO 52228 --- [lava] [main] org.hibernate.orm.connections.pooling    : HHH10001005: Database info:
	Database JDBC URL [Connecting through datasource 'HikariDataSource (HikariPool-1)']
	Database driver: undefined/unknown
	Database version: 8.0
	Autocommit mode: undefined/unknown
	Isolation level: undefined/unknown
	Minimum pool size: undefined/unknown
	Maximum pool size: undefined/unknown
2025-11-11T22:54:44.060+05:30  INFO 52228 --- [lava] [main] o.h.e.t.j.p.i.JtaPlatformInitiator       : HHH000489: No JTA platform available (set 'hibernate.transaction.jta.platform' to enable JTA platform integration)
2025-11-11T22:54:44.734+05:30  INFO 52228 --- [lava] [main] j.LocalContainerEntityManagerFactoryBean : Initialized JPA EntityManagerFactory for persistence unit 'default'
2025-11-11T22:54:45.000+05:30  WARN 52228 --- [lava] [main] JpaBaseConfiguration$JpaWebConfiguration : spring.jpa.open-in-view is enabled by default. Therefore, database queries may be performed during view rendering. Explicitly configure spring.jpa.open-in-view to disable this warning
2025-11-11T22:54:47.407+05:30  WARN 52228 --- [lava] [main] ConfigServletWebServerApplicationContext : Exception encountered during context initialization - cancelling refresh attempt: org.springframework.beans.factory.BeanCreationException: Error creating bean with name 'salaryStructureRepo' defined in com.lava.lava.repository.SalaryStructureRepo defined in @EnableJpaRepositories declared on JpaRepositoriesRegistrar.EnableJpaRepositoriesConfiguration: Could not create query for public abstract java.util.List com.lava.lava.repository.SalaryStructureRepo.findByEmployee(java.lang.Long); Reason: Failed to create query for method public abstract java.util.List com.lava.lava.repository.SalaryStructureRepo.findByEmployee(java.lang.Long); Cannot compare left expression of type 'com.lava.lava.entity.Employee' with right expression of type 'java.lang.Long'
2025-11-11T22:54:47.411+05:30  INFO 52228 --- [lava] [main] j.LocalContainerEntityManagerFactoryBean : Closing JPA EntityManagerFactory for persistence unit 'default'
2025-11-11T22:54:47.421+05:30  INFO 52228 --- [lava] [main] com.zaxxer.hikari.HikariDataSource       : HikariPool-1 - Shutdown initiated...
2025-11-11T22:54:47.454+05:30  INFO 52228 --- [lava] [main] com.zaxxer.hikari.HikariDataSource       : HikariPool-1 - Shutdown completed.
2025-11-11T22:54:47.465+05:30  INFO 52228 --- [lava] [main] o.apache.catalina.core.StandardService   : Stopping service [Tomcat]
2025-11-11T22:54:47.520+05:30  INFO 52228 --- [lava] [main] .s.b.a.l.ConditionEvaluationReportLogger : 

Error starting ApplicationContext. To display the condition evaluation report re-run your application with 'debug' enabled.
2025-11-11T22:54:47.586+05:30 ERROR 52228 --- [lava] [main] o.s.boot.SpringApplication               : Application run failed

org.springframework.beans.factory.BeanCreationException: Error creating bean with name 'salaryStructureRepo' defined in com.lava.lava.repository.SalaryStructureRepo defined in @EnableJpaRepositories declared on JpaRepositoriesRegistrar.EnableJpaRepositoriesConfiguration: Could not create query for public abstract java.util.List com.lava.lava.repository.SalaryStructureRepo.findByEmployee(java.lang.Long); Reason: Failed to create query for method public abstract java.util.List com.lava.lava.repository.SalaryStructureRepo.findByEmployee(java.lang.Long); Cannot compare left expression of type 'com.lava.lava.entity.Employee' with right expression of type 'java.lang.Long'
	at org.springframework.beans.factory.support.AbstractAutowireCapableBeanFactory.initializeBean(AbstractAutowireCapableBeanFactory.java:1826) ~[spring-beans-6.2.12.jar:6.2.12]
	at org.springframework.beans.factory.support.AbstractAutowireCapableBeanFactory.doCreateBean(AbstractAutowireCapableBeanFactory.java:607) ~[spring-beans-6.2.12.jar:6.2.12]
	at org.springframework.beans.factory.support.AbstractAutowireCapableBeanFactory.createBean(AbstractAutowireCapableBeanFactory.java:529) ~[spring-beans-6.2.12.jar:6.2.12]
	at org.springframework.beans.factory.support.AbstractBeanFactory.lambda$doGetBean$0(AbstractBeanFactory.java:339) ~[spring-beans-6.2.12.jar:6.2.12]
	at org.springframework.beans.factory.support.DefaultSingletonBeanRegistry.getSingleton(DefaultSingletonBeanRegistry.java:373) ~[spring-beans-6.2.12.jar:6.2.12]
	at org.springframework.beans.factory.support.AbstractBeanFactory.doGetBean(AbstractBeanFactory.java:337) ~[spring-beans-6.2.12.jar:6.2.12]
	at org.springframework.beans.factory.support.AbstractBeanFactory.getBean(AbstractBeanFactory.java:202) ~[spring-beans-6.2.12.jar:6.2.12]
	at org.springframework.beans.factory.support.DefaultListableBeanFactory.instantiateSingleton(DefaultListableBeanFactory.java:1222) ~[spring-beans-6.2.12.jar:6.2.12]
	at org.springframework.beans.factory.support.DefaultListableBeanFactory.preInstantiateSingleton(DefaultListableBeanFactory.java:1194) ~[spring-beans-6.2.12.jar:6.2.12]
	at org.springframework.beans.factory.support.DefaultListableBeanFactory.preInstantiateSingletons(DefaultListableBeanFactory.java:1130) ~[spring-beans-6.2.12.jar:6.2.12]
	at org.springframework.context.support.AbstractApplicationContext.finishBeanFactoryInitialization(AbstractApplicationContext.java:990) ~[spring-context-6.2.12.jar:6.2.12]
	at org.springframework.context.support.AbstractApplicationContext.refresh(AbstractApplicationContext.java:627) ~[spring-context-6.2.12.jar:6.2.12]
	at org.springframework.boot.web.servlet.context.ServletWebServerApplicationContext.refresh(ServletWebServerApplicationContext.java:146) ~[spring-boot-3.5.7.jar:3.5.7]
	at org.springframework.boot.SpringApplication.refresh(SpringApplication.java:752) ~[spring-boot-3.5.7.jar:3.5.7]
	at org.springframework.boot.SpringApplication.refreshContext(SpringApplication.java:439) ~[spring-boot-3.5.7.jar:3.5.7]
	at org.springframework.boot.SpringApplication.run(SpringApplication.java:318) ~[spring-boot-3.5.7.jar:3.5.7]
	at org.springframework.boot.SpringApplication.run(SpringApplication.java:1361) ~[spring-boot-3.5.7.jar:3.5.7]
	at org.springframework.boot.SpringApplication.run(SpringApplication.java:1350) ~[spring-boot-3.5.7.jar:3.5.7]
	at com.lava.lava.LavaApplication.main(LavaApplication.java:13) ~[classes/:na]
Caused by: org.springframework.data.repository.query.QueryCreationException: Could not create query for public abstract java.util.List com.lava.lava.repository.SalaryStructureRepo.findByEmployee(java.lang.Long); Reason: Failed to create query for method public abstract java.util.List com.lava.lava.repository.SalaryStructureRepo.findByEmployee(java.lang.Long); Cannot compare left expression of type 'com.lava.lava.entity.Employee' with right expression of type 'java.lang.Long'
	at org.springframework.data.repository.query.QueryCreationException.create(QueryCreationException.java:101) ~[spring-data-commons-3.5.5.jar:3.5.5]
	at org.springframework.data.repository.core.support.QueryExecutorMethodInterceptor.lookupQuery(QueryExecutorMethodInterceptor.java:120) ~[spring-data-commons-3.5.5.jar:3.5.5]
	at org.springframework.data.repository.core.support.QueryExecutorMethodInterceptor.mapMethodsToQuery(QueryExecutorMethodInterceptor.java:104) ~[spring-data-commons-3.5.5.jar:3.5.5]
	at org.springframework.data.repository.core.support.QueryExecutorMethodInterceptor.lambda$new$0(QueryExecutorMethodInterceptor.java:92) ~[spring-data-commons-3.5.5.jar:3.5.5]
	at java.base/java.util.Optional.map(Optional.java:260) ~[na:na]
	at org.springframework.data.repository.core.support.QueryExecutorMethodInterceptor.<init>(QueryExecutorMethodInterceptor.java:92) ~[spring-data-commons-3.5.5.jar:3.5.5]
	at org.springframework.data.repository.core.support.RepositoryFactorySupport.getRepository(RepositoryFactorySupport.java:434) ~[spring-data-commons-3.5.5.jar:3.5.5]
	at org.springframework.data.repository.core.support.RepositoryFactoryBeanSupport.lambda$afterPropertiesSet$4(RepositoryFactoryBeanSupport.java:350) ~[spring-data-commons-3.5.5.jar:3.5.5]
	at org.springframework.data.util.Lazy.getNullable(Lazy.java:135) ~[spring-data-commons-3.5.5.jar:3.5.5]
	at org.springframework.data.util.Lazy.get(Lazy.java:113) ~[spring-data-commons-3.5.5.jar:3.5.5]
	at org.springframework.data.repository.core.support.RepositoryFactoryBeanSupport.afterPropertiesSet(RepositoryFactoryBeanSupport.java:356) ~[spring-data-commons-3.5.5.jar:3.5.5]
	at org.springframework.data.jpa.repository.support.JpaRepositoryFactoryBean.afterPropertiesSet(JpaRepositoryFactoryBean.java:132) ~[spring-data-jpa-3.5.5.jar:3.5.5]
	at org.springframework.beans.factory.support.AbstractAutowireCapableBeanFactory.invokeInitMethods(AbstractAutowireCapableBeanFactory.java:1873) ~[spring-beans-6.2.12.jar:6.2.12]
	at org.springframework.beans.factory.support.AbstractAutowireCapableBeanFactory.initializeBean(AbstractAutowireCapableBeanFactory.java:1822) ~[spring-beans-6.2.12.jar:6.2.12]
	... 18 common frames omitted
Caused by: java.lang.IllegalArgumentException: Failed to create query for method public abstract java.util.List com.lava.lava.repository.SalaryStructureRepo.findByEmployee(java.lang.Long); Cannot compare left expression of type 'com.lava.lava.entity.Employee' with right expression of type 'java.lang.Long'
	at org.springframework.data.jpa.repository.query.PartTreeJpaQuery.<init>(PartTreeJpaQuery.java:107) ~[spring-data-jpa-3.5.5.jar:3.5.5]
	at org.springframework.data.jpa.repository.query.JpaQueryLookupStrategy$CreateQueryLookupStrategy.resolveQuery(JpaQueryLookupStrategy.java:128) ~[spring-data-jpa-3.5.5.jar:3.5.5]
	at org.springframework.data.jpa.repository.query.JpaQueryLookupStrategy$CreateIfNotFoundQueryLookupStrategy.resolveQuery(JpaQueryLookupStrategy.java:260) ~[spring-data-jpa-3.5.5.jar:3.5.5]
	at org.springframework.data.jpa.repository.query.JpaQueryLookupStrategy$AbstractQueryLookupStrategy.resolveQuery(JpaQueryLookupStrategy.java:99) ~[spring-data-jpa-3.5.5.jar:3.5.5]
	at org.springframework.data.repository.core.support.QueryExecutorMethodInterceptor.lookupQuery(QueryExecutorMethodInterceptor.java:116) ~[spring-data-commons-3.5.5.jar:3.5.5]
	... 30 common frames omitted
Caused by: org.hibernate.query.SemanticException: Cannot compare left expression of type 'com.lava.lava.entity.Employee' with right expression of type 'java.lang.Long'
	at org.hibernate.query.sqm.internal.TypecheckUtil.assertComparable(TypecheckUtil.java:406) ~[hibernate-core-6.6.33.Final.jar:6.6.33.Final]
	at org.hibernate.query.sqm.tree.predicate.SqmComparisonPredicate.<init>(SqmComparisonPredicate.java:46) ~[hibernate-core-6.6.33.Final.jar:6.6.33.Final]
	at org.hibernate.query.sqm.tree.predicate.SqmComparisonPredicate.<init>(SqmComparisonPredicate.java:32) ~[hibernate-core-6.6.33.Final.jar:6.6.33.Final]
	at org.hibernate.query.sqm.internal.SqmCriteriaNodeBuilder.equal(SqmCriteriaNodeBuilder.java:2158) ~[hibernate-core-6.6.33.Final.jar:6.6.33.Final]
	at org.hibernate.query.sqm.internal.SqmCriteriaNodeBuilder.equal(SqmCriteriaNodeBuilder.java:192) ~[hibernate-core-6.6.33.Final.jar:6.6.33.Final]
	at org.springframework.data.jpa.repository.query.JpaQueryCreator$PredicateBuilder.build(JpaQueryCreator.java:319) ~[spring-data-jpa-3.5.5.jar:3.5.5]
	at org.springframework.data.jpa.repository.query.JpaQueryCreator.toPredicate(JpaQueryCreator.java:211) ~[spring-data-jpa-3.5.5.jar:3.5.5]
	at org.springframework.data.jpa.repository.query.JpaQueryCreator.create(JpaQueryCreator.java:122) ~[spring-data-jpa-3.5.5.jar:3.5.5]
	at org.springframework.data.jpa.repository.query.JpaQueryCreator.create(JpaQueryCreator.java:1) ~[spring-data-jpa-3.5.5.jar:3.5.5]
	at org.springframework.data.repository.query.parser.AbstractQueryCreator.createCriteria(AbstractQueryCreator.java:119) ~[spring-data-commons-3.5.5.jar:3.5.5]
	at org.springframework.data.repository.query.parser.AbstractQueryCreator.createQuery(AbstractQueryCreator.java:95) ~[spring-data-commons-3.5.5.jar:3.5.5]
	at org.springframework.data.repository.query.parser.AbstractQueryCreator.createQuery(AbstractQueryCreator.java:81) ~[spring-data-commons-3.5.5.jar:3.5.5]
	at org.springframework.data.jpa.repository.query.PartTreeJpaQuery$QueryPreparer.<init>(PartTreeJpaQuery.java:224) ~[spring-data-jpa-3.5.5.jar:3.5.5]
	at org.springframework.data.jpa.repository.query.PartTreeJpaQuery$CountQueryPreparer.<init>(PartTreeJpaQuery.java:370) ~[spring-data-jpa-3.5.5.jar:3.5.5]
	at org.springframework.data.jpa.repository.query.PartTreeJpaQuery.<init>(PartTreeJpaQuery.java:103) ~[spring-data-jpa-3.5.5.jar:3.5.5]
	... 34 common frames omitted

2025-11-11T22:57:22.833+05:30  INFO 52450 --- [lava] [main] com.lava.lava.LavaApplication            : Starting LavaApplication using Java 17.0.16 with PID 52450 (/home/sathsara/Desktop/lava project demo/lava/target/classes started by sathsara in /home/sathsara/Desktop/lava project demo/lava)
2025-11-11T22:57:22.840+05:30  INFO 52450 --- [lava] [main] com.lava.lava.LavaApplication            : No active profile set, falling back to 1 default profile: "default"
2025-11-11T22:57:26.682+05:30  INFO 52450 --- [lava] [main] .s.d.r.c.RepositoryConfigurationDelegate : Bootstrapping Spring Data JPA repositories in DEFAULT mode.
2025-11-11T22:57:27.077+05:30  INFO 52450 --- [lava] [main] .s.d.r.c.RepositoryConfigurationDelegate : Finished Spring Data repository scanning in 328 ms. Found 13 JPA repository interfaces.
2025-11-11T22:57:29.087+05:30  INFO 52450 --- [lava] [main] o.s.b.w.embedded.tomcat.TomcatWebServer  : Tomcat initialized with port 8080 (http)
2025-11-11T22:57:29.136+05:30  INFO 52450 --- [lava] [main] o.apache.catalina.core.StandardService   : Starting service [Tomcat]
2025-11-11T22:57:29.138+05:30  INFO 52450 --- [lava] [main] o.apache.catalina.core.StandardEngine    : Starting Servlet engine: [Apache Tomcat/10.1.48]
2025-11-11T22:57:29.388+05:30  INFO 52450 --- [lava] [main] o.a.c.c.C.[Tomcat].[localhost].[/]       : Initializing Spring embedded WebApplicationContext
2025-11-11T22:57:29.393+05:30  INFO 52450 --- [lava] [main] w.s.c.ServletWebServerApplicationContext : Root WebApplicationContext: initialization completed in 6318 ms
2025-11-11T22:57:30.342+05:30  INFO 52450 --- [lava] [main] o.hibernate.jpa.internal.util.LogHelper  : HHH000204: Processing PersistenceUnitInfo [name: default]
2025-11-11T22:57:30.660+05:30  INFO 52450 --- [lava] [main] org.hibernate.Version                    : HHH000412: Hibernate ORM core version 6.6.33.Final
2025-11-11T22:57:30.815+05:30  INFO 52450 --- [lava] [main] o.h.c.internal.RegionFactoryInitiator    : HHH000026: Second-level cache disabled
2025-11-11T22:57:31.928+05:30  INFO 52450 --- [lava] [main] o.s.o.j.p.SpringPersistenceUnitInfo      : No LoadTimeWeaver setup: ignoring JPA class transformer
2025-11-11T22:57:32.023+05:30  INFO 52450 --- [lava] [main] com.zaxxer.hikari.HikariDataSource       : HikariPool-1 - Starting...
2025-11-11T22:57:32.601+05:30  INFO 52450 --- [lava] [main] com.zaxxer.hikari.pool.HikariPool        : HikariPool-1 - Added connection com.mysql.cj.jdbc.ConnectionImpl@46b5f061
2025-11-11T22:57:32.610+05:30  INFO 52450 --- [lava] [main] com.zaxxer.hikari.HikariDataSource       : HikariPool-1 - Start completed.
2025-11-11T22:57:32.877+05:30  WARN 52450 --- [lava] [main] org.hibernate.orm.deprecation            : HHH90000025: MySQL8Dialect does not need to be specified explicitly using 'hibernate.dialect' (remove the property setting and it will be selected by default)
2025-11-11T22:57:32.880+05:30  WARN 52450 --- [lava] [main] org.hibernate.orm.deprecation            : HHH90000026: MySQL8Dialect has been deprecated; use org.hibernate.dialect.MySQLDialect instead
2025-11-11T22:57:32.952+05:30  INFO 52450 --- [lava] [main] org.hibernate.orm.connections.pooling    : HHH10001005: Database info:
	Database JDBC URL [Connecting through datasource 'HikariDataSource (HikariPool-1)']
	Database driver: undefined/unknown
	Database version: 8.0
	Autocommit mode: undefined/unknown
	Isolation level: undefined/unknown
	Minimum pool size: undefined/unknown
	Maximum pool size: undefined/unknown
2025-11-11T22:57:37.301+05:30  INFO 52450 --- [lava] [main] o.h.e.t.j.p.i.JtaPlatformInitiator       : HHH000489: No JTA platform available (set 'hibernate.transaction.jta.platform' to enable JTA platform integration)
2025-11-11T22:57:37.974+05:30  INFO 52450 --- [lava] [main] j.LocalContainerEntityManagerFactoryBean : Initialized JPA EntityManagerFactory for persistence unit 'default'
2025-11-11T22:57:38.101+05:30  WARN 52450 --- [lava] [main] JpaBaseConfiguration$JpaWebConfiguration : spring.jpa.open-in-view is enabled by default. Therefore, database queries may be performed during view rendering. Explicitly configure spring.jpa.open-in-view to disable this warning
2025-11-11T22:57:40.468+05:30  WARN 52450 --- [lava] [main] ConfigServletWebServerApplicationContext : Exception encountered during context initialization - cancelling refresh attempt: org.springframework.beans.factory.BeanCreationException: Error creating bean with name 'companyRepo' defined in com.lava.lava.repository.CompanyRepo defined in @EnableJpaRepositories declared on JpaRepositoriesRegistrar.EnableJpaRepositoriesConfiguration: Could not create query for public abstract java.util.List com.lava.lava.repository.CompanyRepo.findCompanyStatus(com.lava.lava.enums.CompanyStatus); Reason: Failed to create query for method public abstract java.util.List com.lava.lava.repository.CompanyRepo.findCompanyStatus(com.lava.lava.enums.CompanyStatus); No property 'findCompanyStatus' found for type 'Company'
2025-11-11T22:57:40.470+05:30  INFO 52450 --- [lava] [main] j.LocalContainerEntityManagerFactoryBean : Closing JPA EntityManagerFactory for persistence unit 'default'
2025-11-11T22:57:40.485+05:30  INFO 52450 --- [lava] [main] com.zaxxer.hikari.HikariDataSource       : HikariPool-1 - Shutdown initiated...
2025-11-11T22:57:40.517+05:30  INFO 52450 --- [lava] [main] com.zaxxer.hikari.HikariDataSource       : HikariPool-1 - Shutdown completed.
2025-11-11T22:57:40.528+05:30  INFO 52450 --- [lava] [main] o.apache.catalina.core.StandardService   : Stopping service [Tomcat]
2025-11-11T22:57:40.576+05:30  INFO 52450 --- [lava] [main] .s.b.a.l.ConditionEvaluationReportLogger : 

Error starting ApplicationContext. To display the condition evaluation report re-run your application with 'debug' enabled.
2025-11-11T22:57:40.671+05:30 ERROR 52450 --- [lava] [main] o.s.boot.SpringApplication               : Application run failed

org.springframework.beans.factory.BeanCreationException: Error creating bean with name 'companyRepo' defined in com.lava.lava.repository.CompanyRepo defined in @EnableJpaRepositories declared on JpaRepositoriesRegistrar.EnableJpaRepositoriesConfiguration: Could not create query for public abstract java.util.List com.lava.lava.repository.CompanyRepo.findCompanyStatus(com.lava.lava.enums.CompanyStatus); Reason: Failed to create query for method public abstract java.util.List com.lava.lava.repository.CompanyRepo.findCompanyStatus(com.lava.lava.enums.CompanyStatus); No property 'findCompanyStatus' found for type 'Company'
	at org.springframework.beans.factory.support.AbstractAutowireCapableBeanFactory.initializeBean(AbstractAutowireCapableBeanFactory.java:1826) ~[spring-beans-6.2.12.jar:6.2.12]
	at org.springframework.beans.factory.support.AbstractAutowireCapableBeanFactory.doCreateBean(AbstractAutowireCapableBeanFactory.java:607) ~[spring-beans-6.2.12.jar:6.2.12]
	at org.springframework.beans.factory.support.AbstractAutowireCapableBeanFactory.createBean(AbstractAutowireCapableBeanFactory.java:529) ~[spring-beans-6.2.12.jar:6.2.12]
	at org.springframework.beans.factory.support.AbstractBeanFactory.lambda$doGetBean$0(AbstractBeanFactory.java:339) ~[spring-beans-6.2.12.jar:6.2.12]
	at org.springframework.beans.factory.support.DefaultSingletonBeanRegistry.getSingleton(DefaultSingletonBeanRegistry.java:373) ~[spring-beans-6.2.12.jar:6.2.12]
	at org.springframework.beans.factory.support.AbstractBeanFactory.doGetBean(AbstractBeanFactory.java:337) ~[spring-beans-6.2.12.jar:6.2.12]
	at org.springframework.beans.factory.support.AbstractBeanFactory.getBean(AbstractBeanFactory.java:202) ~[spring-beans-6.2.12.jar:6.2.12]
	at org.springframework.beans.factory.support.DefaultListableBeanFactory.instantiateSingleton(DefaultListableBeanFactory.java:1222) ~[spring-beans-6.2.12.jar:6.2.12]
	at org.springframework.beans.factory.support.DefaultListableBeanFactory.preInstantiateSingleton(DefaultListableBeanFactory.java:1194) ~[spring-beans-6.2.12.jar:6.2.12]
	at org.springframework.beans.factory.support.DefaultListableBeanFactory.preInstantiateSingletons(DefaultListableBeanFactory.java:1130) ~[spring-beans-6.2.12.jar:6.2.12]
	at org.springframework.context.support.AbstractApplicationContext.finishBeanFactoryInitialization(AbstractApplicationContext.java:990) ~[spring-context-6.2.12.jar:6.2.12]
	at org.springframework.context.support.AbstractApplicationContext.refresh(AbstractApplicationContext.java:627) ~[spring-context-6.2.12.jar:6.2.12]
	at org.springframework.boot.web.servlet.context.ServletWebServerApplicationContext.refresh(ServletWebServerApplicationContext.java:146) ~[spring-boot-3.5.7.jar:3.5.7]
	at org.springframework.boot.SpringApplication.refresh(SpringApplication.java:752) ~[spring-boot-3.5.7.jar:3.5.7]
	at org.springframework.boot.SpringApplication.refreshContext(SpringApplication.java:439) ~[spring-boot-3.5.7.jar:3.5.7]
	at org.springframework.boot.SpringApplication.run(SpringApplication.java:318) ~[spring-boot-3.5.7.jar:3.5.7]
	at org.springframework.boot.SpringApplication.run(SpringApplication.java:1361) ~[spring-boot-3.5.7.jar:3.5.7]
	at org.springframework.boot.SpringApplication.run(SpringApplication.java:1350) ~[spring-boot-3.5.7.jar:3.5.7]
	at com.lava.lava.LavaApplication.main(LavaApplication.java:13) ~[classes/:na]
Caused by: org.springframework.data.repository.query.QueryCreationException: Could not create query for public abstract java.util.List com.lava.lava.repository.CompanyRepo.findCompanyStatus(com.lava.lava.enums.CompanyStatus); Reason: Failed to create query for method public abstract java.util.List com.lava.lava.repository.CompanyRepo.findCompanyStatus(com.lava.lava.enums.CompanyStatus); No property 'findCompanyStatus' found for type 'Company'
	at org.springframework.data.repository.query.QueryCreationException.create(QueryCreationException.java:101) ~[spring-data-commons-3.5.5.jar:3.5.5]
	at org.springframework.data.repository.core.support.QueryExecutorMethodInterceptor.lookupQuery(QueryExecutorMethodInterceptor.java:120) ~[spring-data-commons-3.5.5.jar:3.5.5]
	at org.springframework.data.repository.core.support.QueryExecutorMethodInterceptor.mapMethodsToQuery(QueryExecutorMethodInterceptor.java:104) ~[spring-data-commons-3.5.5.jar:3.5.5]
	at org.springframework.data.repository.core.support.QueryExecutorMethodInterceptor.lambda$new$0(QueryExecutorMethodInterceptor.java:92) ~[spring-data-commons-3.5.5.jar:3.5.5]
	at java.base/java.util.Optional.map(Optional.java:260) ~[na:na]
	at org.springframework.data.repository.core.support.QueryExecutorMethodInterceptor.<init>(QueryExecutorMethodInterceptor.java:92) ~[spring-data-commons-3.5.5.jar:3.5.5]
	at org.springframework.data.repository.core.support.RepositoryFactorySupport.getRepository(RepositoryFactorySupport.java:434) ~[spring-data-commons-3.5.5.jar:3.5.5]
	at org.springframework.data.repository.core.support.RepositoryFactoryBeanSupport.lambda$afterPropertiesSet$4(RepositoryFactoryBeanSupport.java:350) ~[spring-data-commons-3.5.5.jar:3.5.5]
	at org.springframework.data.util.Lazy.getNullable(Lazy.java:135) ~[spring-data-commons-3.5.5.jar:3.5.5]
	at org.springframework.data.util.Lazy.get(Lazy.java:113) ~[spring-data-commons-3.5.5.jar:3.5.5]
	at org.springframework.data.repository.core.support.RepositoryFactoryBeanSupport.afterPropertiesSet(RepositoryFactoryBeanSupport.java:356) ~[spring-data-commons-3.5.5.jar:3.5.5]
	at org.springframework.data.jpa.repository.support.JpaRepositoryFactoryBean.afterPropertiesSet(JpaRepositoryFactoryBean.java:132) ~[spring-data-jpa-3.5.5.jar:3.5.5]
	at org.springframework.beans.factory.support.AbstractAutowireCapableBeanFactory.invokeInitMethods(AbstractAutowireCapableBeanFactory.java:1873) ~[spring-beans-6.2.12.jar:6.2.12]
	at org.springframework.beans.factory.support.AbstractAutowireCapableBeanFactory.initializeBean(AbstractAutowireCapableBeanFactory.java:1822) ~[spring-beans-6.2.12.jar:6.2.12]
	... 18 common frames omitted
Caused by: java.lang.IllegalArgumentException: Failed to create query for method public abstract java.util.List com.lava.lava.repository.CompanyRepo.findCompanyStatus(com.lava.lava.enums.CompanyStatus); No property 'findCompanyStatus' found for type 'Company'
	at org.springframework.data.jpa.repository.query.PartTreeJpaQuery.<init>(PartTreeJpaQuery.java:107) ~[spring-data-jpa-3.5.5.jar:3.5.5]
	at org.springframework.data.jpa.repository.query.JpaQueryLookupStrategy$CreateQueryLookupStrategy.resolveQuery(JpaQueryLookupStrategy.java:128) ~[spring-data-jpa-3.5.5.jar:3.5.5]
	at org.springframework.data.jpa.repository.query.JpaQueryLookupStrategy$CreateIfNotFoundQueryLookupStrategy.resolveQuery(JpaQueryLookupStrategy.java:260) ~[spring-data-jpa-3.5.5.jar:3.5.5]
	at org.springframework.data.jpa.repository.query.JpaQueryLookupStrategy$AbstractQueryLookupStrategy.resolveQuery(JpaQueryLookupStrategy.java:99) ~[spring-data-jpa-3.5.5.jar:3.5.5]
	at org.springframework.data.repository.core.support.QueryExecutorMethodInterceptor.lookupQuery(QueryExecutorMethodInterceptor.java:116) ~[spring-data-commons-3.5.5.jar:3.5.5]
	... 30 common frames omitted
Caused by: org.springframework.data.mapping.PropertyReferenceException: No property 'findCompanyStatus' found for type 'Company'
	at org.springframework.data.mapping.PropertyPath.<init>(PropertyPath.java:94) ~[spring-data-commons-3.5.5.jar:3.5.5]
	at org.springframework.data.mapping.PropertyPath.create(PropertyPath.java:455) ~[spring-data-commons-3.5.5.jar:3.5.5]
	at org.springframework.data.mapping.PropertyPath.create(PropertyPath.java:431) ~[spring-data-commons-3.5.5.jar:3.5.5]
	at org.springframework.data.mapping.PropertyPath.lambda$from$0(PropertyPath.java:384) ~[spring-data-commons-3.5.5.jar:3.5.5]
	at java.base/java.util.concurrent.ConcurrentMap.computeIfAbsent(ConcurrentMap.java:330) ~[na:na]
	at org.springframework.data.mapping.PropertyPath.from(PropertyPath.java:366) ~[spring-data-commons-3.5.5.jar:3.5.5]
	at org.springframework.data.mapping.PropertyPath.from(PropertyPath.java:344) ~[spring-data-commons-3.5.5.jar:3.5.5]
	at org.springframework.data.repository.query.parser.Part.<init>(Part.java:81) ~[spring-data-commons-3.5.5.jar:3.5.5]
	at org.springframework.data.repository.query.parser.PartTree$OrPart.lambda$new$0(PartTree.java:259) ~[spring-data-commons-3.5.5.jar:3.5.5]
	at java.base/java.util.stream.ReferencePipeline$3$1.accept(ReferencePipeline.java:197) ~[na:na]
	at java.base/java.util.stream.ReferencePipeline$2$1.accept(ReferencePipeline.java:179) ~[na:na]
	at java.base/java.util.Spliterators$ArraySpliterator.forEachRemaining(Spliterators.java:992) ~[na:na]
	at java.base/java.util.stream.AbstractPipeline.copyInto(AbstractPipeline.java:509) ~[na:na]
	at java.base/java.util.stream.AbstractPipeline.wrapAndCopyInto(AbstractPipeline.java:499) ~[na:na]
	at java.base/java.util.stream.ReduceOps$ReduceOp.evaluateSequential(ReduceOps.java:921) ~[na:na]
	at java.base/java.util.stream.AbstractPipeline.evaluate(AbstractPipeline.java:234) ~[na:na]
	at java.base/java.util.stream.ReferencePipeline.collect(ReferencePipeline.java:682) ~[na:na]
	at org.springframework.data.repository.query.parser.PartTree$OrPart.<init>(PartTree.java:260) ~[spring-data-commons-3.5.5.jar:3.5.5]
	at org.springframework.data.repository.query.parser.PartTree$Predicate.lambda$new$0(PartTree.java:389) ~[spring-data-commons-3.5.5.jar:3.5.5]
	at java.base/java.util.stream.ReferencePipeline$3$1.accept(ReferencePipeline.java:197) ~[na:na]
	at java.base/java.util.stream.ReferencePipeline$2$1.accept(ReferencePipeline.java:179) ~[na:na]
	at java.base/java.util.Spliterators$ArraySpliterator.forEachRemaining(Spliterators.java:992) ~[na:na]
	at java.base/java.util.stream.AbstractPipeline.copyInto(AbstractPipeline.java:509) ~[na:na]
	at java.base/java.util.stream.AbstractPipeline.wrapAndCopyInto(AbstractPipeline.java:499) ~[na:na]
	at java.base/java.util.stream.ReduceOps$ReduceOp.evaluateSequential(ReduceOps.java:921) ~[na:na]
	at java.base/java.util.stream.AbstractPipeline.evaluate(AbstractPipeline.java:234) ~[na:na]
	at java.base/java.util.stream.ReferencePipeline.collect(ReferencePipeline.java:682) ~[na:na]
	at org.springframework.data.repository.query.parser.PartTree$Predicate.<init>(PartTree.java:390) ~[spring-data-commons-3.5.5.jar:3.5.5]
	at org.springframework.data.repository.query.parser.PartTree.<init>(PartTree.java:100) ~[spring-data-commons-3.5.5.jar:3.5.5]
	at org.springframework.data.jpa.repository.query.PartTreeJpaQuery.<init>(PartTreeJpaQuery.java:101) ~[spring-data-jpa-3.5.5.jar:3.5.5]
	... 34 common frames omitted

2025-11-11T22:59:39.669+05:30  INFO 52608 --- [lava] [main] com.lava.lava.LavaApplication            : Starting LavaApplication using Java 17.0.16 with PID 52608 (/home/sathsara/Desktop/lava project demo/lava/target/classes started by sathsara in /home/sathsara/Desktop/lava project demo/lava)
2025-11-11T22:59:39.699+05:30  INFO 52608 --- [lava] [main] com.lava.lava.LavaApplication            : No active profile set, falling back to 1 default profile: "default"
2025-11-11T22:59:44.120+05:30  INFO 52608 --- [lava] [main] .s.d.r.c.RepositoryConfigurationDelegate : Bootstrapping Spring Data JPA repositories in DEFAULT mode.
2025-11-11T22:59:45.201+05:30  INFO 52608 --- [lava] [main] .s.d.r.c.RepositoryConfigurationDelegate : Finished Spring Data repository scanning in 890 ms. Found 13 JPA repository interfaces.
2025-11-11T22:59:48.780+05:30  INFO 52608 --- [lava] [main] o.s.b.w.embedded.tomcat.TomcatWebServer  : Tomcat initialized with port 8080 (http)
2025-11-11T22:59:48.833+05:30  INFO 52608 --- [lava] [main] o.apache.catalina.core.StandardService   : Starting service [Tomcat]
2025-11-11T22:59:48.835+05:30  INFO 52608 --- [lava] [main] o.apache.catalina.core.StandardEngine    : Starting Servlet engine: [Apache Tomcat/10.1.48]
2025-11-11T22:59:49.077+05:30  INFO 52608 --- [lava] [main] o.a.c.c.C.[Tomcat].[localhost].[/]       : Initializing Spring embedded WebApplicationContext
2025-11-11T22:59:49.079+05:30  INFO 52608 --- [lava] [main] w.s.c.ServletWebServerApplicationContext : Root WebApplicationContext: initialization completed in 9039 ms
2025-11-11T22:59:49.983+05:30  INFO 52608 --- [lava] [main] o.hibernate.jpa.internal.util.LogHelper  : HHH000204: Processing PersistenceUnitInfo [name: default]
2025-11-11T22:59:50.134+05:30  INFO 52608 --- [lava] [main] org.hibernate.Version                    : HHH000412: Hibernate ORM core version 6.6.33.Final
2025-11-11T22:59:50.269+05:30  INFO 52608 --- [lava] [main] o.h.c.internal.RegionFactoryInitiator    : HHH000026: Second-level cache disabled
2025-11-11T22:59:51.551+05:30  INFO 52608 --- [lava] [main] o.s.o.j.p.SpringPersistenceUnitInfo      : No LoadTimeWeaver setup: ignoring JPA class transformer
2025-11-11T22:59:51.732+05:30  INFO 52608 --- [lava] [main] com.zaxxer.hikari.HikariDataSource       : HikariPool-1 - Starting...
2025-11-11T22:59:52.626+05:30  INFO 52608 --- [lava] [main] com.zaxxer.hikari.pool.HikariPool        : HikariPool-1 - Added connection com.mysql.cj.jdbc.ConnectionImpl@108b121f
2025-11-11T22:59:52.633+05:30  INFO 52608 --- [lava] [main] com.zaxxer.hikari.HikariDataSource       : HikariPool-1 - Start completed.
2025-11-11T22:59:52.861+05:30  WARN 52608 --- [lava] [main] org.hibernate.orm.deprecation            : HHH90000025: MySQL8Dialect does not need to be specified explicitly using 'hibernate.dialect' (remove the property setting and it will be selected by default)
2025-11-11T22:59:52.872+05:30  WARN 52608 --- [lava] [main] org.hibernate.orm.deprecation            : HHH90000026: MySQL8Dialect has been deprecated; use org.hibernate.dialect.MySQLDialect instead
2025-11-11T22:59:53.017+05:30  INFO 52608 --- [lava] [main] org.hibernate.orm.connections.pooling    : HHH10001005: Database info:
	Database JDBC URL [Connecting through datasource 'HikariDataSource (HikariPool-1)']
	Database driver: undefined/unknown
	Database version: 8.0
	Autocommit mode: undefined/unknown
	Isolation level: undefined/unknown
	Minimum pool size: undefined/unknown
	Maximum pool size: undefined/unknown
2025-11-11T22:59:59.421+05:30  INFO 52608 --- [lava] [main] o.h.e.t.j.p.i.JtaPlatformInitiator       : HHH000489: No JTA platform available (set 'hibernate.transaction.jta.platform' to enable JTA platform integration)
2025-11-11T22:59:59.942+05:30  INFO 52608 --- [lava] [main] j.LocalContainerEntityManagerFactoryBean : Initialized JPA EntityManagerFactory for persistence unit 'default'
2025-11-11T23:00:00.063+05:30  WARN 52608 --- [lava] [main] JpaBaseConfiguration$JpaWebConfiguration : spring.jpa.open-in-view is enabled by default. Therefore, database queries may be performed during view rendering. Explicitly configure spring.jpa.open-in-view to disable this warning
2025-11-11T23:00:02.914+05:30  WARN 52608 --- [lava] [main] ConfigServletWebServerApplicationContext : Exception encountered during context initialization - cancelling refresh attempt: org.springframework.beans.factory.BeanCreationException: Error creating bean with name 'companyRepo' defined in com.lava.lava.repository.CompanyRepo defined in @EnableJpaRepositories declared on JpaRepositoriesRegistrar.EnableJpaRepositoriesConfiguration: Could not create query for public abstract com.lava.lava.entity.Company com.lava.lava.repository.CompanyRepo.findCompanyStatus(com.lava.lava.enums.CompanyStatus); Reason: Failed to create query for method public abstract com.lava.lava.entity.Company com.lava.lava.repository.CompanyRepo.findCompanyStatus(com.lava.lava.enums.CompanyStatus); No property 'findCompanyStatus' found for type 'Company'
2025-11-11T23:00:02.922+05:30  INFO 52608 --- [lava] [main] j.LocalContainerEntityManagerFactoryBean : Closing JPA EntityManagerFactory for persistence unit 'default'
2025-11-11T23:00:02.961+05:30  INFO 52608 --- [lava] [main] com.zaxxer.hikari.HikariDataSource       : HikariPool-1 - Shutdown initiated...
2025-11-11T23:00:03.062+05:30  INFO 52608 --- [lava] [main] com.zaxxer.hikari.HikariDataSource       : HikariPool-1 - Shutdown completed.
2025-11-11T23:00:03.082+05:30  INFO 52608 --- [lava] [main] o.apache.catalina.core.StandardService   : Stopping service [Tomcat]
2025-11-11T23:00:03.210+05:30  INFO 52608 --- [lava] [main] .s.b.a.l.ConditionEvaluationReportLogger : 

Error starting ApplicationContext. To display the condition evaluation report re-run your application with 'debug' enabled.
2025-11-11T23:00:03.464+05:30 ERROR 52608 --- [lava] [main] o.s.boot.SpringApplication               : Application run failed

org.springframework.beans.factory.BeanCreationException: Error creating bean with name 'companyRepo' defined in com.lava.lava.repository.CompanyRepo defined in @EnableJpaRepositories declared on JpaRepositoriesRegistrar.EnableJpaRepositoriesConfiguration: Could not create query for public abstract com.lava.lava.entity.Company com.lava.lava.repository.CompanyRepo.findCompanyStatus(com.lava.lava.enums.CompanyStatus); Reason: Failed to create query for method public abstract com.lava.lava.entity.Company com.lava.lava.repository.CompanyRepo.findCompanyStatus(com.lava.lava.enums.CompanyStatus); No property 'findCompanyStatus' found for type 'Company'
	at org.springframework.beans.factory.support.AbstractAutowireCapableBeanFactory.initializeBean(AbstractAutowireCapableBeanFactory.java:1826) ~[spring-beans-6.2.12.jar:6.2.12]
	at org.springframework.beans.factory.support.AbstractAutowireCapableBeanFactory.doCreateBean(AbstractAutowireCapableBeanFactory.java:607) ~[spring-beans-6.2.12.jar:6.2.12]
	at org.springframework.beans.factory.support.AbstractAutowireCapableBeanFactory.createBean(AbstractAutowireCapableBeanFactory.java:529) ~[spring-beans-6.2.12.jar:6.2.12]
	at org.springframework.beans.factory.support.AbstractBeanFactory.lambda$doGetBean$0(AbstractBeanFactory.java:339) ~[spring-beans-6.2.12.jar:6.2.12]
	at org.springframework.beans.factory.support.DefaultSingletonBeanRegistry.getSingleton(DefaultSingletonBeanRegistry.java:373) ~[spring-beans-6.2.12.jar:6.2.12]
	at org.springframework.beans.factory.support.AbstractBeanFactory.doGetBean(AbstractBeanFactory.java:337) ~[spring-beans-6.2.12.jar:6.2.12]
	at org.springframework.beans.factory.support.AbstractBeanFactory.getBean(AbstractBeanFactory.java:202) ~[spring-beans-6.2.12.jar:6.2.12]
	at org.springframework.beans.factory.support.DefaultListableBeanFactory.instantiateSingleton(DefaultListableBeanFactory.java:1222) ~[spring-beans-6.2.12.jar:6.2.12]
	at org.springframework.beans.factory.support.DefaultListableBeanFactory.preInstantiateSingleton(DefaultListableBeanFactory.java:1194) ~[spring-beans-6.2.12.jar:6.2.12]
	at org.springframework.beans.factory.support.DefaultListableBeanFactory.preInstantiateSingletons(DefaultListableBeanFactory.java:1130) ~[spring-beans-6.2.12.jar:6.2.12]
	at org.springframework.context.support.AbstractApplicationContext.finishBeanFactoryInitialization(AbstractApplicationContext.java:990) ~[spring-context-6.2.12.jar:6.2.12]
	at org.springframework.context.support.AbstractApplicationContext.refresh(AbstractApplicationContext.java:627) ~[spring-context-6.2.12.jar:6.2.12]
	at org.springframework.boot.web.servlet.context.ServletWebServerApplicationContext.refresh(ServletWebServerApplicationContext.java:146) ~[spring-boot-3.5.7.jar:3.5.7]
	at org.springframework.boot.SpringApplication.refresh(SpringApplication.java:752) ~[spring-boot-3.5.7.jar:3.5.7]
	at org.springframework.boot.SpringApplication.refreshContext(SpringApplication.java:439) ~[spring-boot-3.5.7.jar:3.5.7]
	at org.springframework.boot.SpringApplication.run(SpringApplication.java:318) ~[spring-boot-3.5.7.jar:3.5.7]
	at org.springframework.boot.SpringApplication.run(SpringApplication.java:1361) ~[spring-boot-3.5.7.jar:3.5.7]
	at org.springframework.boot.SpringApplication.run(SpringApplication.java:1350) ~[spring-boot-3.5.7.jar:3.5.7]
	at com.lava.lava.LavaApplication.main(LavaApplication.java:13) ~[classes/:na]
Caused by: org.springframework.data.repository.query.QueryCreationException: Could not create query for public abstract com.lava.lava.entity.Company com.lava.lava.repository.CompanyRepo.findCompanyStatus(com.lava.lava.enums.CompanyStatus); Reason: Failed to create query for method public abstract com.lava.lava.entity.Company com.lava.lava.repository.CompanyRepo.findCompanyStatus(com.lava.lava.enums.CompanyStatus); No property 'findCompanyStatus' found for type 'Company'
	at org.springframework.data.repository.query.QueryCreationException.create(QueryCreationException.java:101) ~[spring-data-commons-3.5.5.jar:3.5.5]
	at org.springframework.data.repository.core.support.QueryExecutorMethodInterceptor.lookupQuery(QueryExecutorMethodInterceptor.java:120) ~[spring-data-commons-3.5.5.jar:3.5.5]
	at org.springframework.data.repository.core.support.QueryExecutorMethodInterceptor.mapMethodsToQuery(QueryExecutorMethodInterceptor.java:104) ~[spring-data-commons-3.5.5.jar:3.5.5]
	at org.springframework.data.repository.core.support.QueryExecutorMethodInterceptor.lambda$new$0(QueryExecutorMethodInterceptor.java:92) ~[spring-data-commons-3.5.5.jar:3.5.5]
	at java.base/java.util.Optional.map(Optional.java:260) ~[na:na]
	at org.springframework.data.repository.core.support.QueryExecutorMethodInterceptor.<init>(QueryExecutorMethodInterceptor.java:92) ~[spring-data-commons-3.5.5.jar:3.5.5]
	at org.springframework.data.repository.core.support.RepositoryFactorySupport.getRepository(RepositoryFactorySupport.java:434) ~[spring-data-commons-3.5.5.jar:3.5.5]
	at org.springframework.data.repository.core.support.RepositoryFactoryBeanSupport.lambda$afterPropertiesSet$4(RepositoryFactoryBeanSupport.java:350) ~[spring-data-commons-3.5.5.jar:3.5.5]
	at org.springframework.data.util.Lazy.getNullable(Lazy.java:135) ~[spring-data-commons-3.5.5.jar:3.5.5]
	at org.springframework.data.util.Lazy.get(Lazy.java:113) ~[spring-data-commons-3.5.5.jar:3.5.5]
	at org.springframework.data.repository.core.support.RepositoryFactoryBeanSupport.afterPropertiesSet(RepositoryFactoryBeanSupport.java:356) ~[spring-data-commons-3.5.5.jar:3.5.5]
	at org.springframework.data.jpa.repository.support.JpaRepositoryFactoryBean.afterPropertiesSet(JpaRepositoryFactoryBean.java:132) ~[spring-data-jpa-3.5.5.jar:3.5.5]
	at org.springframework.beans.factory.support.AbstractAutowireCapableBeanFactory.invokeInitMethods(AbstractAutowireCapableBeanFactory.java:1873) ~[spring-beans-6.2.12.jar:6.2.12]
	at org.springframework.beans.factory.support.AbstractAutowireCapableBeanFactory.initializeBean(AbstractAutowireCapableBeanFactory.java:1822) ~[spring-beans-6.2.12.jar:6.2.12]
	... 18 common frames omitted
Caused by: java.lang.IllegalArgumentException: Failed to create query for method public abstract com.lava.lava.entity.Company com.lava.lava.repository.CompanyRepo.findCompanyStatus(com.lava.lava.enums.CompanyStatus); No property 'findCompanyStatus' found for type 'Company'
	at org.springframework.data.jpa.repository.query.PartTreeJpaQuery.<init>(PartTreeJpaQuery.java:107) ~[spring-data-jpa-3.5.5.jar:3.5.5]
	at org.springframework.data.jpa.repository.query.JpaQueryLookupStrategy$CreateQueryLookupStrategy.resolveQuery(JpaQueryLookupStrategy.java:128) ~[spring-data-jpa-3.5.5.jar:3.5.5]
	at org.springframework.data.jpa.repository.query.JpaQueryLookupStrategy$CreateIfNotFoundQueryLookupStrategy.resolveQuery(JpaQueryLookupStrategy.java:260) ~[spring-data-jpa-3.5.5.jar:3.5.5]
	at org.springframework.data.jpa.repository.query.JpaQueryLookupStrategy$AbstractQueryLookupStrategy.resolveQuery(JpaQueryLookupStrategy.java:99) ~[spring-data-jpa-3.5.5.jar:3.5.5]
	at org.springframework.data.repository.core.support.QueryExecutorMethodInterceptor.lookupQuery(QueryExecutorMethodInterceptor.java:116) ~[spring-data-commons-3.5.5.jar:3.5.5]
	... 30 common frames omitted
Caused by: org.springframework.data.mapping.PropertyReferenceException: No property 'findCompanyStatus' found for type 'Company'
	at org.springframework.data.mapping.PropertyPath.<init>(PropertyPath.java:94) ~[spring-data-commons-3.5.5.jar:3.5.5]
	at org.springframework.data.mapping.PropertyPath.create(PropertyPath.java:455) ~[spring-data-commons-3.5.5.jar:3.5.5]
	at org.springframework.data.mapping.PropertyPath.create(PropertyPath.java:431) ~[spring-data-commons-3.5.5.jar:3.5.5]
	at org.springframework.data.mapping.PropertyPath.lambda$from$0(PropertyPath.java:384) ~[spring-data-commons-3.5.5.jar:3.5.5]
	at java.base/java.util.concurrent.ConcurrentMap.computeIfAbsent(ConcurrentMap.java:330) ~[na:na]
	at org.springframework.data.mapping.PropertyPath.from(PropertyPath.java:366) ~[spring-data-commons-3.5.5.jar:3.5.5]
	at org.springframework.data.mapping.PropertyPath.from(PropertyPath.java:344) ~[spring-data-commons-3.5.5.jar:3.5.5]
	at org.springframework.data.repository.query.parser.Part.<init>(Part.java:81) ~[spring-data-commons-3.5.5.jar:3.5.5]
	at org.springframework.data.repository.query.parser.PartTree$OrPart.lambda$new$0(PartTree.java:259) ~[spring-data-commons-3.5.5.jar:3.5.5]
	at java.base/java.util.stream.ReferencePipeline$3$1.accept(ReferencePipeline.java:197) ~[na:na]
	at java.base/java.util.stream.ReferencePipeline$2$1.accept(ReferencePipeline.java:179) ~[na:na]
	at java.base/java.util.Spliterators$ArraySpliterator.forEachRemaining(Spliterators.java:992) ~[na:na]
	at java.base/java.util.stream.AbstractPipeline.copyInto(AbstractPipeline.java:509) ~[na:na]
	at java.base/java.util.stream.AbstractPipeline.wrapAndCopyInto(AbstractPipeline.java:499) ~[na:na]
	at java.base/java.util.stream.ReduceOps$ReduceOp.evaluateSequential(ReduceOps.java:921) ~[na:na]
	at java.base/java.util.stream.AbstractPipeline.evaluate(AbstractPipeline.java:234) ~[na:na]
	at java.base/java.util.stream.ReferencePipeline.collect(ReferencePipeline.java:682) ~[na:na]
	at org.springframework.data.repository.query.parser.PartTree$OrPart.<init>(PartTree.java:260) ~[spring-data-commons-3.5.5.jar:3.5.5]
	at org.springframework.data.repository.query.parser.PartTree$Predicate.lambda$new$0(PartTree.java:389) ~[spring-data-commons-3.5.5.jar:3.5.5]
	at java.base/java.util.stream.ReferencePipeline$3$1.accept(ReferencePipeline.java:197) ~[na:na]
	at java.base/java.util.stream.ReferencePipeline$2$1.accept(ReferencePipeline.java:179) ~[na:na]
	at java.base/java.util.Spliterators$ArraySpliterator.forEachRemaining(Spliterators.java:992) ~[na:na]
	at java.base/java.util.stream.AbstractPipeline.copyInto(AbstractPipeline.java:509) ~[na:na]
	at java.base/java.util.stream.AbstractPipeline.wrapAndCopyInto(AbstractPipeline.java:499) ~[na:na]
	at java.base/java.util.stream.ReduceOps$ReduceOp.evaluateSequential(ReduceOps.java:921) ~[na:na]
	at java.base/java.util.stream.AbstractPipeline.evaluate(AbstractPipeline.java:234) ~[na:na]
	at java.base/java.util.stream.ReferencePipeline.collect(ReferencePipeline.java:682) ~[na:na]
	at org.springframework.data.repository.query.parser.PartTree$Predicate.<init>(PartTree.java:390) ~[spring-data-commons-3.5.5.jar:3.5.5]
	at org.springframework.data.repository.query.parser.PartTree.<init>(PartTree.java:100) ~[spring-data-commons-3.5.5.jar:3.5.5]
	at org.springframework.data.jpa.repository.query.PartTreeJpaQuery.<init>(PartTreeJpaQuery.java:101) ~[spring-data-jpa-3.5.5.jar:3.5.5]
	... 34 common frames omitted

2025-11-11T23:01:53.326+05:30  INFO 52804 --- [lava] [main] com.lava.lava.LavaApplication            : Starting LavaApplication using Java 17.0.16 with PID 52804 (/home/sathsara/Desktop/lava project demo/lava/target/classes started by sathsara in /home/sathsara/Desktop/lava project demo/lava)
2025-11-11T23:01:53.339+05:30  INFO 52804 --- [lava] [main] com.lava.lava.LavaApplication            : No active profile set, falling back to 1 default profile: "default"
2025-11-11T23:01:57.963+05:30  INFO 52804 --- [lava] [main] .s.d.r.c.RepositoryConfigurationDelegate : Bootstrapping Spring Data JPA repositories in DEFAULT mode.
2025-11-11T23:01:58.426+05:30  INFO 52804 --- [lava] [main] .s.d.r.c.RepositoryConfigurationDelegate : Finished Spring Data repository scanning in 408 ms. Found 13 JPA repository interfaces.
2025-11-11T23:02:00.994+05:30  INFO 52804 --- [lava] [main] o.s.b.w.embedded.tomcat.TomcatWebServer  : Tomcat initialized with port 8080 (http)
2025-11-11T23:02:01.057+05:30  INFO 52804 --- [lava] [main] o.apache.catalina.core.StandardService   : Starting service [Tomcat]
2025-11-11T23:02:01.059+05:30  INFO 52804 --- [lava] [main] o.apache.catalina.core.StandardEngine    : Starting Servlet engine: [Apache Tomcat/10.1.48]
2025-11-11T23:02:01.341+05:30  INFO 52804 --- [lava] [main] o.a.c.c.C.[Tomcat].[localhost].[/]       : Initializing Spring embedded WebApplicationContext
2025-11-11T23:02:01.343+05:30  INFO 52804 --- [lava] [main] w.s.c.ServletWebServerApplicationContext : Root WebApplicationContext: initialization completed in 7714 ms
2025-11-11T23:02:02.291+05:30  INFO 52804 --- [lava] [main] o.hibernate.jpa.internal.util.LogHelper  : HHH000204: Processing PersistenceUnitInfo [name: default]
2025-11-11T23:02:02.781+05:30  INFO 52804 --- [lava] [main] org.hibernate.Version                    : HHH000412: Hibernate ORM core version 6.6.33.Final
2025-11-11T23:02:02.960+05:30  INFO 52804 --- [lava] [main] o.h.c.internal.RegionFactoryInitiator    : HHH000026: Second-level cache disabled
2025-11-11T23:02:04.137+05:30  INFO 52804 --- [lava] [main] o.s.o.j.p.SpringPersistenceUnitInfo      : No LoadTimeWeaver setup: ignoring JPA class transformer
2025-11-11T23:02:04.238+05:30  INFO 52804 --- [lava] [main] com.zaxxer.hikari.HikariDataSource       : HikariPool-1 - Starting...
2025-11-11T23:02:04.915+05:30  INFO 52804 --- [lava] [main] com.zaxxer.hikari.pool.HikariPool        : HikariPool-1 - Added connection com.mysql.cj.jdbc.ConnectionImpl@108b121f
2025-11-11T23:02:04.923+05:30  INFO 52804 --- [lava] [main] com.zaxxer.hikari.HikariDataSource       : HikariPool-1 - Start completed.
2025-11-11T23:02:05.109+05:30  WARN 52804 --- [lava] [main] org.hibernate.orm.deprecation            : HHH90000025: MySQL8Dialect does not need to be specified explicitly using 'hibernate.dialect' (remove the property setting and it will be selected by default)
2025-11-11T23:02:05.114+05:30  WARN 52804 --- [lava] [main] org.hibernate.orm.deprecation            : HHH90000026: MySQL8Dialect has been deprecated; use org.hibernate.dialect.MySQLDialect instead
2025-11-11T23:02:05.239+05:30  INFO 52804 --- [lava] [main] org.hibernate.orm.connections.pooling    : HHH10001005: Database info:
	Database JDBC URL [Connecting through datasource 'HikariDataSource (HikariPool-1)']
	Database driver: undefined/unknown
	Database version: 8.0
	Autocommit mode: undefined/unknown
	Isolation level: undefined/unknown
	Minimum pool size: undefined/unknown
	Maximum pool size: undefined/unknown
2025-11-11T23:02:09.475+05:30  INFO 52804 --- [lava] [main] o.h.e.t.j.p.i.JtaPlatformInitiator       : HHH000489: No JTA platform available (set 'hibernate.transaction.jta.platform' to enable JTA platform integration)
2025-11-11T23:02:10.138+05:30  INFO 52804 --- [lava] [main] j.LocalContainerEntityManagerFactoryBean : Initialized JPA EntityManagerFactory for persistence unit 'default'
2025-11-11T23:02:10.397+05:30  WARN 52804 --- [lava] [main] JpaBaseConfiguration$JpaWebConfiguration : spring.jpa.open-in-view is enabled by default. Therefore, database queries may be performed during view rendering. Explicitly configure spring.jpa.open-in-view to disable this warning
2025-11-11T23:02:12.478+05:30  WARN 52804 --- [lava] [main] ConfigServletWebServerApplicationContext : Exception encountered during context initialization - cancelling refresh attempt: org.springframework.beans.factory.BeanCreationException: Error creating bean with name 'roleRepo' defined in com.lava.lava.repository.RoleRepo defined in @EnableJpaRepositories declared on JpaRepositoriesRegistrar.EnableJpaRepositoriesConfiguration: Could not create query for public abstract java.util.List com.lava.lava.repository.RoleRepo.findByRoleName(com.lava.lava.enums.RoleName); Reason: Failed to create query for method public abstract java.util.List com.lava.lava.repository.RoleRepo.findByRoleName(com.lava.lava.enums.RoleName); No property 'roleName' found for type 'Role'
2025-11-11T23:02:12.480+05:30  INFO 52804 --- [lava] [main] j.LocalContainerEntityManagerFactoryBean : Closing JPA EntityManagerFactory for persistence unit 'default'
2025-11-11T23:02:12.489+05:30  INFO 52804 --- [lava] [main] com.zaxxer.hikari.HikariDataSource       : HikariPool-1 - Shutdown initiated...
2025-11-11T23:02:12.520+05:30  INFO 52804 --- [lava] [main] com.zaxxer.hikari.HikariDataSource       : HikariPool-1 - Shutdown completed.
2025-11-11T23:02:12.527+05:30  INFO 52804 --- [lava] [main] o.apache.catalina.core.StandardService   : Stopping service [Tomcat]
2025-11-11T23:02:12.568+05:30  INFO 52804 --- [lava] [main] .s.b.a.l.ConditionEvaluationReportLogger : 

Error starting ApplicationContext. To display the condition evaluation report re-run your application with 'debug' enabled.
2025-11-11T23:02:12.621+05:30 ERROR 52804 --- [lava] [main] o.s.boot.SpringApplication               : Application run failed

org.springframework.beans.factory.BeanCreationException: Error creating bean with name 'roleRepo' defined in com.lava.lava.repository.RoleRepo defined in @EnableJpaRepositories declared on JpaRepositoriesRegistrar.EnableJpaRepositoriesConfiguration: Could not create query for public abstract java.util.List com.lava.lava.repository.RoleRepo.findByRoleName(com.lava.lava.enums.RoleName); Reason: Failed to create query for method public abstract java.util.List com.lava.lava.repository.RoleRepo.findByRoleName(com.lava.lava.enums.RoleName); No property 'roleName' found for type 'Role'
	at org.springframework.beans.factory.support.AbstractAutowireCapableBeanFactory.initializeBean(AbstractAutowireCapableBeanFactory.java:1826) ~[spring-beans-6.2.12.jar:6.2.12]
	at org.springframework.beans.factory.support.AbstractAutowireCapableBeanFactory.doCreateBean(AbstractAutowireCapableBeanFactory.java:607) ~[spring-beans-6.2.12.jar:6.2.12]
	at org.springframework.beans.factory.support.AbstractAutowireCapableBeanFactory.createBean(AbstractAutowireCapableBeanFactory.java:529) ~[spring-beans-6.2.12.jar:6.2.12]
	at org.springframework.beans.factory.support.AbstractBeanFactory.lambda$doGetBean$0(AbstractBeanFactory.java:339) ~[spring-beans-6.2.12.jar:6.2.12]
	at org.springframework.beans.factory.support.DefaultSingletonBeanRegistry.getSingleton(DefaultSingletonBeanRegistry.java:373) ~[spring-beans-6.2.12.jar:6.2.12]
	at org.springframework.beans.factory.support.AbstractBeanFactory.doGetBean(AbstractBeanFactory.java:337) ~[spring-beans-6.2.12.jar:6.2.12]
	at org.springframework.beans.factory.support.AbstractBeanFactory.getBean(AbstractBeanFactory.java:202) ~[spring-beans-6.2.12.jar:6.2.12]
	at org.springframework.beans.factory.support.DefaultListableBeanFactory.instantiateSingleton(DefaultListableBeanFactory.java:1222) ~[spring-beans-6.2.12.jar:6.2.12]
	at org.springframework.beans.factory.support.DefaultListableBeanFactory.preInstantiateSingleton(DefaultListableBeanFactory.java:1194) ~[spring-beans-6.2.12.jar:6.2.12]
	at org.springframework.beans.factory.support.DefaultListableBeanFactory.preInstantiateSingletons(DefaultListableBeanFactory.java:1130) ~[spring-beans-6.2.12.jar:6.2.12]
	at org.springframework.context.support.AbstractApplicationContext.finishBeanFactoryInitialization(AbstractApplicationContext.java:990) ~[spring-context-6.2.12.jar:6.2.12]
	at org.springframework.context.support.AbstractApplicationContext.refresh(AbstractApplicationContext.java:627) ~[spring-context-6.2.12.jar:6.2.12]
	at org.springframework.boot.web.servlet.context.ServletWebServerApplicationContext.refresh(ServletWebServerApplicationContext.java:146) ~[spring-boot-3.5.7.jar:3.5.7]
	at org.springframework.boot.SpringApplication.refresh(SpringApplication.java:752) ~[spring-boot-3.5.7.jar:3.5.7]
	at org.springframework.boot.SpringApplication.refreshContext(SpringApplication.java:439) ~[spring-boot-3.5.7.jar:3.5.7]
	at org.springframework.boot.SpringApplication.run(SpringApplication.java:318) ~[spring-boot-3.5.7.jar:3.5.7]
	at org.springframework.boot.SpringApplication.run(SpringApplication.java:1361) ~[spring-boot-3.5.7.jar:3.5.7]
	at org.springframework.boot.SpringApplication.run(SpringApplication.java:1350) ~[spring-boot-3.5.7.jar:3.5.7]
	at com.lava.lava.LavaApplication.main(LavaApplication.java:13) ~[classes/:na]
Caused by: org.springframework.data.repository.query.QueryCreationException: Could not create query for public abstract java.util.List com.lava.lava.repository.RoleRepo.findByRoleName(com.lava.lava.enums.RoleName); Reason: Failed to create query for method public abstract java.util.List com.lava.lava.repository.RoleRepo.findByRoleName(com.lava.lava.enums.RoleName); No property 'roleName' found for type 'Role'
	at org.springframework.data.repository.query.QueryCreationException.create(QueryCreationException.java:101) ~[spring-data-commons-3.5.5.jar:3.5.5]
	at org.springframework.data.repository.core.support.QueryExecutorMethodInterceptor.lookupQuery(QueryExecutorMethodInterceptor.java:120) ~[spring-data-commons-3.5.5.jar:3.5.5]
	at org.springframework.data.repository.core.support.QueryExecutorMethodInterceptor.mapMethodsToQuery(QueryExecutorMethodInterceptor.java:104) ~[spring-data-commons-3.5.5.jar:3.5.5]
	at org.springframework.data.repository.core.support.QueryExecutorMethodInterceptor.lambda$new$0(QueryExecutorMethodInterceptor.java:92) ~[spring-data-commons-3.5.5.jar:3.5.5]
	at java.base/java.util.Optional.map(Optional.java:260) ~[na:na]
	at org.springframework.data.repository.core.support.QueryExecutorMethodInterceptor.<init>(QueryExecutorMethodInterceptor.java:92) ~[spring-data-commons-3.5.5.jar:3.5.5]
	at org.springframework.data.repository.core.support.RepositoryFactorySupport.getRepository(RepositoryFactorySupport.java:434) ~[spring-data-commons-3.5.5.jar:3.5.5]
	at org.springframework.data.repository.core.support.RepositoryFactoryBeanSupport.lambda$afterPropertiesSet$4(RepositoryFactoryBeanSupport.java:350) ~[spring-data-commons-3.5.5.jar:3.5.5]
	at org.springframework.data.util.Lazy.getNullable(Lazy.java:135) ~[spring-data-commons-3.5.5.jar:3.5.5]
	at org.springframework.data.util.Lazy.get(Lazy.java:113) ~[spring-data-commons-3.5.5.jar:3.5.5]
	at org.springframework.data.repository.core.support.RepositoryFactoryBeanSupport.afterPropertiesSet(RepositoryFactoryBeanSupport.java:356) ~[spring-data-commons-3.5.5.jar:3.5.5]
	at org.springframework.data.jpa.repository.support.JpaRepositoryFactoryBean.afterPropertiesSet(JpaRepositoryFactoryBean.java:132) ~[spring-data-jpa-3.5.5.jar:3.5.5]
	at org.springframework.beans.factory.support.AbstractAutowireCapableBeanFactory.invokeInitMethods(AbstractAutowireCapableBeanFactory.java:1873) ~[spring-beans-6.2.12.jar:6.2.12]
	at org.springframework.beans.factory.support.AbstractAutowireCapableBeanFactory.initializeBean(AbstractAutowireCapableBeanFactory.java:1822) ~[spring-beans-6.2.12.jar:6.2.12]
	... 18 common frames omitted
Caused by: java.lang.IllegalArgumentException: Failed to create query for method public abstract java.util.List com.lava.lava.repository.RoleRepo.findByRoleName(com.lava.lava.enums.RoleName); No property 'roleName' found for type 'Role'
	at org.springframework.data.jpa.repository.query.PartTreeJpaQuery.<init>(PartTreeJpaQuery.java:107) ~[spring-data-jpa-3.5.5.jar:3.5.5]
	at org.springframework.data.jpa.repository.query.JpaQueryLookupStrategy$CreateQueryLookupStrategy.resolveQuery(JpaQueryLookupStrategy.java:128) ~[spring-data-jpa-3.5.5.jar:3.5.5]
	at org.springframework.data.jpa.repository.query.JpaQueryLookupStrategy$CreateIfNotFoundQueryLookupStrategy.resolveQuery(JpaQueryLookupStrategy.java:260) ~[spring-data-jpa-3.5.5.jar:3.5.5]
	at org.springframework.data.jpa.repository.query.JpaQueryLookupStrategy$AbstractQueryLookupStrategy.resolveQuery(JpaQueryLookupStrategy.java:99) ~[spring-data-jpa-3.5.5.jar:3.5.5]
	at org.springframework.data.repository.core.support.QueryExecutorMethodInterceptor.lookupQuery(QueryExecutorMethodInterceptor.java:116) ~[spring-data-commons-3.5.5.jar:3.5.5]
	... 30 common frames omitted
Caused by: org.springframework.data.mapping.PropertyReferenceException: No property 'roleName' found for type 'Role'
	at org.springframework.data.mapping.PropertyPath.<init>(PropertyPath.java:94) ~[spring-data-commons-3.5.5.jar:3.5.5]
	at org.springframework.data.mapping.PropertyPath.create(PropertyPath.java:455) ~[spring-data-commons-3.5.5.jar:3.5.5]
	at org.springframework.data.mapping.PropertyPath.create(PropertyPath.java:431) ~[spring-data-commons-3.5.5.jar:3.5.5]
	at org.springframework.data.mapping.PropertyPath.lambda$from$0(PropertyPath.java:384) ~[spring-data-commons-3.5.5.jar:3.5.5]
	at java.base/java.util.concurrent.ConcurrentMap.computeIfAbsent(ConcurrentMap.java:330) ~[na:na]
	at org.springframework.data.mapping.PropertyPath.from(PropertyPath.java:366) ~[spring-data-commons-3.5.5.jar:3.5.5]
	at org.springframework.data.mapping.PropertyPath.from(PropertyPath.java:344) ~[spring-data-commons-3.5.5.jar:3.5.5]
	at org.springframework.data.repository.query.parser.Part.<init>(Part.java:81) ~[spring-data-commons-3.5.5.jar:3.5.5]
	at org.springframework.data.repository.query.parser.PartTree$OrPart.lambda$new$0(PartTree.java:259) ~[spring-data-commons-3.5.5.jar:3.5.5]
	at java.base/java.util.stream.ReferencePipeline$3$1.accept(ReferencePipeline.java:197) ~[na:na]
	at java.base/java.util.stream.ReferencePipeline$2$1.accept(ReferencePipeline.java:179) ~[na:na]
	at java.base/java.util.Spliterators$ArraySpliterator.forEachRemaining(Spliterators.java:992) ~[na:na]
	at java.base/java.util.stream.AbstractPipeline.copyInto(AbstractPipeline.java:509) ~[na:na]
	at java.base/java.util.stream.AbstractPipeline.wrapAndCopyInto(AbstractPipeline.java:499) ~[na:na]
	at java.base/java.util.stream.ReduceOps$ReduceOp.evaluateSequential(ReduceOps.java:921) ~[na:na]
	at java.base/java.util.stream.AbstractPipeline.evaluate(AbstractPipeline.java:234) ~[na:na]
	at java.base/java.util.stream.ReferencePipeline.collect(ReferencePipeline.java:682) ~[na:na]
	at org.springframework.data.repository.query.parser.PartTree$OrPart.<init>(PartTree.java:260) ~[spring-data-commons-3.5.5.jar:3.5.5]
	at org.springframework.data.repository.query.parser.PartTree$Predicate.lambda$new$0(PartTree.java:389) ~[spring-data-commons-3.5.5.jar:3.5.5]
	at java.base/java.util.stream.ReferencePipeline$3$1.accept(ReferencePipeline.java:197) ~[na:na]
	at java.base/java.util.stream.ReferencePipeline$2$1.accept(ReferencePipeline.java:179) ~[na:na]
	at java.base/java.util.Spliterators$ArraySpliterator.forEachRemaining(Spliterators.java:992) ~[na:na]
	at java.base/java.util.stream.AbstractPipeline.copyInto(AbstractPipeline.java:509) ~[na:na]
	at java.base/java.util.stream.AbstractPipeline.wrapAndCopyInto(AbstractPipeline.java:499) ~[na:na]
	at java.base/java.util.stream.ReduceOps$ReduceOp.evaluateSequential(ReduceOps.java:921) ~[na:na]
	at java.base/java.util.stream.AbstractPipeline.evaluate(AbstractPipeline.java:234) ~[na:na]
	at java.base/java.util.stream.ReferencePipeline.collect(ReferencePipeline.java:682) ~[na:na]
	at org.springframework.data.repository.query.parser.PartTree$Predicate.<init>(PartTree.java:390) ~[spring-data-commons-3.5.5.jar:3.5.5]
	at org.springframework.data.repository.query.parser.PartTree.<init>(PartTree.java:103) ~[spring-data-commons-3.5.5.jar:3.5.5]
	at org.springframework.data.jpa.repository.query.PartTreeJpaQuery.<init>(PartTreeJpaQuery.java:101) ~[spring-data-jpa-3.5.5.jar:3.5.5]
	... 34 common frames omitted

2025-11-11T23:03:34.026+05:30  INFO 52955 --- [lava] [main] com.lava.lava.LavaApplication            : Starting LavaApplication using Java 17.0.16 with PID 52955 (/home/sathsara/Desktop/lava project demo/lava/target/classes started by sathsara in /home/sathsara/Desktop/lava project demo/lava)
2025-11-11T23:03:34.041+05:30  INFO 52955 --- [lava] [main] com.lava.lava.LavaApplication            : No active profile set, falling back to 1 default profile: "default"
2025-11-11T23:03:37.346+05:30  INFO 52955 --- [lava] [main] .s.d.r.c.RepositoryConfigurationDelegate : Bootstrapping Spring Data JPA repositories in DEFAULT mode.
2025-11-11T23:03:37.860+05:30  INFO 52955 --- [lava] [main] .s.d.r.c.RepositoryConfigurationDelegate : Finished Spring Data repository scanning in 475 ms. Found 13 JPA repository interfaces.
2025-11-11T23:03:40.957+05:30  INFO 52955 --- [lava] [main] o.s.b.w.embedded.tomcat.TomcatWebServer  : Tomcat initialized with port 8080 (http)
2025-11-11T23:03:41.022+05:30  INFO 52955 --- [lava] [main] o.apache.catalina.core.StandardService   : Starting service [Tomcat]
2025-11-11T23:03:41.023+05:30  INFO 52955 --- [lava] [main] o.apache.catalina.core.StandardEngine    : Starting Servlet engine: [Apache Tomcat/10.1.48]
2025-11-11T23:03:41.194+05:30  INFO 52955 --- [lava] [main] o.a.c.c.C.[Tomcat].[localhost].[/]       : Initializing Spring embedded WebApplicationContext
2025-11-11T23:03:41.196+05:30  INFO 52955 --- [lava] [main] w.s.c.ServletWebServerApplicationContext : Root WebApplicationContext: initialization completed in 6875 ms
2025-11-11T23:03:41.985+05:30  INFO 52955 --- [lava] [main] o.hibernate.jpa.internal.util.LogHelper  : HHH000204: Processing PersistenceUnitInfo [name: default]
2025-11-11T23:03:42.165+05:30  INFO 52955 --- [lava] [main] org.hibernate.Version                    : HHH000412: Hibernate ORM core version 6.6.33.Final
2025-11-11T23:03:42.362+05:30  INFO 52955 --- [lava] [main] o.h.c.internal.RegionFactoryInitiator    : HHH000026: Second-level cache disabled
2025-11-11T23:03:43.360+05:30  INFO 52955 --- [lava] [main] o.s.o.j.p.SpringPersistenceUnitInfo      : No LoadTimeWeaver setup: ignoring JPA class transformer
2025-11-11T23:03:43.465+05:30  INFO 52955 --- [lava] [main] com.zaxxer.hikari.HikariDataSource       : HikariPool-1 - Starting...
2025-11-11T23:03:44.034+05:30  INFO 52955 --- [lava] [main] com.zaxxer.hikari.pool.HikariPool        : HikariPool-1 - Added connection com.mysql.cj.jdbc.ConnectionImpl@46ab4efc
2025-11-11T23:03:44.039+05:30  INFO 52955 --- [lava] [main] com.zaxxer.hikari.HikariDataSource       : HikariPool-1 - Start completed.
2025-11-11T23:03:44.174+05:30  WARN 52955 --- [lava] [main] org.hibernate.orm.deprecation            : HHH90000025: MySQL8Dialect does not need to be specified explicitly using 'hibernate.dialect' (remove the property setting and it will be selected by default)
2025-11-11T23:03:44.178+05:30  WARN 52955 --- [lava] [main] org.hibernate.orm.deprecation            : HHH90000026: MySQL8Dialect has been deprecated; use org.hibernate.dialect.MySQLDialect instead
2025-11-11T23:03:44.293+05:30  INFO 52955 --- [lava] [main] org.hibernate.orm.connections.pooling    : HHH10001005: Database info:
	Database JDBC URL [Connecting through datasource 'HikariDataSource (HikariPool-1)']
	Database driver: undefined/unknown
	Database version: 8.0
	Autocommit mode: undefined/unknown
	Isolation level: undefined/unknown
	Minimum pool size: undefined/unknown
	Maximum pool size: undefined/unknown
2025-11-11T23:03:49.531+05:30  INFO 52955 --- [lava] [main] o.h.e.t.j.p.i.JtaPlatformInitiator       : HHH000489: No JTA platform available (set 'hibernate.transaction.jta.platform' to enable JTA platform integration)
2025-11-11T23:03:50.071+05:30  INFO 52955 --- [lava] [main] j.LocalContainerEntityManagerFactoryBean : Initialized JPA EntityManagerFactory for persistence unit 'default'
2025-11-11T23:03:50.197+05:30  WARN 52955 --- [lava] [main] JpaBaseConfiguration$JpaWebConfiguration : spring.jpa.open-in-view is enabled by default. Therefore, database queries may be performed during view rendering. Explicitly configure spring.jpa.open-in-view to disable this warning
2025-11-11T23:03:52.128+05:30  WARN 52955 --- [lava] [main] ConfigServletWebServerApplicationContext : Exception encountered during context initialization - cancelling refresh attempt: org.springframework.beans.factory.BeanCreationException: Error creating bean with name 'roleRepo' defined in com.lava.lava.repository.RoleRepo defined in @EnableJpaRepositories declared on JpaRepositoriesRegistrar.EnableJpaRepositoriesConfiguration: Could not create query for public abstract java.util.List com.lava.lava.repository.RoleRepo.findByRoleName(com.lava.lava.enums.RoleName); Reason: Failed to create query for method public abstract java.util.List com.lava.lava.repository.RoleRepo.findByRoleName(com.lava.lava.enums.RoleName); No property 'roleName' found for type 'Role'
2025-11-11T23:03:52.132+05:30  INFO 52955 --- [lava] [main] j.LocalContainerEntityManagerFactoryBean : Closing JPA EntityManagerFactory for persistence unit 'default'
2025-11-11T23:03:52.140+05:30  INFO 52955 --- [lava] [main] com.zaxxer.hikari.HikariDataSource       : HikariPool-1 - Shutdown initiated...
2025-11-11T23:03:52.181+05:30  INFO 52955 --- [lava] [main] com.zaxxer.hikari.HikariDataSource       : HikariPool-1 - Shutdown completed.
2025-11-11T23:03:52.190+05:30  INFO 52955 --- [lava] [main] o.apache.catalina.core.StandardService   : Stopping service [Tomcat]
2025-11-11T23:03:52.237+05:30  INFO 52955 --- [lava] [main] .s.b.a.l.ConditionEvaluationReportLogger : 

Error starting ApplicationContext. To display the condition evaluation report re-run your application with 'debug' enabled.
2025-11-11T23:03:52.307+05:30 ERROR 52955 --- [lava] [main] o.s.boot.SpringApplication               : Application run failed

org.springframework.beans.factory.BeanCreationException: Error creating bean with name 'roleRepo' defined in com.lava.lava.repository.RoleRepo defined in @EnableJpaRepositories declared on JpaRepositoriesRegistrar.EnableJpaRepositoriesConfiguration: Could not create query for public abstract java.util.List com.lava.lava.repository.RoleRepo.findByRoleName(com.lava.lava.enums.RoleName); Reason: Failed to create query for method public abstract java.util.List com.lava.lava.repository.RoleRepo.findByRoleName(com.lava.lava.enums.RoleName); No property 'roleName' found for type 'Role'
	at org.springframework.beans.factory.support.AbstractAutowireCapableBeanFactory.initializeBean(AbstractAutowireCapableBeanFactory.java:1826) ~[spring-beans-6.2.12.jar:6.2.12]
	at org.springframework.beans.factory.support.AbstractAutowireCapableBeanFactory.doCreateBean(AbstractAutowireCapableBeanFactory.java:607) ~[spring-beans-6.2.12.jar:6.2.12]
	at org.springframework.beans.factory.support.AbstractAutowireCapableBeanFactory.createBean(AbstractAutowireCapableBeanFactory.java:529) ~[spring-beans-6.2.12.jar:6.2.12]
	at org.springframework.beans.factory.support.AbstractBeanFactory.lambda$doGetBean$0(AbstractBeanFactory.java:339) ~[spring-beans-6.2.12.jar:6.2.12]
	at org.springframework.beans.factory.support.DefaultSingletonBeanRegistry.getSingleton(DefaultSingletonBeanRegistry.java:373) ~[spring-beans-6.2.12.jar:6.2.12]
	at org.springframework.beans.factory.support.AbstractBeanFactory.doGetBean(AbstractBeanFactory.java:337) ~[spring-beans-6.2.12.jar:6.2.12]
	at org.springframework.beans.factory.support.AbstractBeanFactory.getBean(AbstractBeanFactory.java:202) ~[spring-beans-6.2.12.jar:6.2.12]
	at org.springframework.beans.factory.support.DefaultListableBeanFactory.instantiateSingleton(DefaultListableBeanFactory.java:1222) ~[spring-beans-6.2.12.jar:6.2.12]
	at org.springframework.beans.factory.support.DefaultListableBeanFactory.preInstantiateSingleton(DefaultListableBeanFactory.java:1194) ~[spring-beans-6.2.12.jar:6.2.12]
	at org.springframework.beans.factory.support.DefaultListableBeanFactory.preInstantiateSingletons(DefaultListableBeanFactory.java:1130) ~[spring-beans-6.2.12.jar:6.2.12]
	at org.springframework.context.support.AbstractApplicationContext.finishBeanFactoryInitialization(AbstractApplicationContext.java:990) ~[spring-context-6.2.12.jar:6.2.12]
	at org.springframework.context.support.AbstractApplicationContext.refresh(AbstractApplicationContext.java:627) ~[spring-context-6.2.12.jar:6.2.12]
	at org.springframework.boot.web.servlet.context.ServletWebServerApplicationContext.refresh(ServletWebServerApplicationContext.java:146) ~[spring-boot-3.5.7.jar:3.5.7]
	at org.springframework.boot.SpringApplication.refresh(SpringApplication.java:752) ~[spring-boot-3.5.7.jar:3.5.7]
	at org.springframework.boot.SpringApplication.refreshContext(SpringApplication.java:439) ~[spring-boot-3.5.7.jar:3.5.7]
	at org.springframework.boot.SpringApplication.run(SpringApplication.java:318) ~[spring-boot-3.5.7.jar:3.5.7]
	at org.springframework.boot.SpringApplication.run(SpringApplication.java:1361) ~[spring-boot-3.5.7.jar:3.5.7]
	at org.springframework.boot.SpringApplication.run(SpringApplication.java:1350) ~[spring-boot-3.5.7.jar:3.5.7]
	at com.lava.lava.LavaApplication.main(LavaApplication.java:13) ~[classes/:na]
Caused by: org.springframework.data.repository.query.QueryCreationException: Could not create query for public abstract java.util.List com.lava.lava.repository.RoleRepo.findByRoleName(com.lava.lava.enums.RoleName); Reason: Failed to create query for method public abstract java.util.List com.lava.lava.repository.RoleRepo.findByRoleName(com.lava.lava.enums.RoleName); No property 'roleName' found for type 'Role'
	at org.springframework.data.repository.query.QueryCreationException.create(QueryCreationException.java:101) ~[spring-data-commons-3.5.5.jar:3.5.5]
	at org.springframework.data.repository.core.support.QueryExecutorMethodInterceptor.lookupQuery(QueryExecutorMethodInterceptor.java:120) ~[spring-data-commons-3.5.5.jar:3.5.5]
	at org.springframework.data.repository.core.support.QueryExecutorMethodInterceptor.mapMethodsToQuery(QueryExecutorMethodInterceptor.java:104) ~[spring-data-commons-3.5.5.jar:3.5.5]
	at org.springframework.data.repository.core.support.QueryExecutorMethodInterceptor.lambda$new$0(QueryExecutorMethodInterceptor.java:92) ~[spring-data-commons-3.5.5.jar:3.5.5]
	at java.base/java.util.Optional.map(Optional.java:260) ~[na:na]
	at org.springframework.data.repository.core.support.QueryExecutorMethodInterceptor.<init>(QueryExecutorMethodInterceptor.java:92) ~[spring-data-commons-3.5.5.jar:3.5.5]
	at org.springframework.data.repository.core.support.RepositoryFactorySupport.getRepository(RepositoryFactorySupport.java:434) ~[spring-data-commons-3.5.5.jar:3.5.5]
	at org.springframework.data.repository.core.support.RepositoryFactoryBeanSupport.lambda$afterPropertiesSet$4(RepositoryFactoryBeanSupport.java:350) ~[spring-data-commons-3.5.5.jar:3.5.5]
	at org.springframework.data.util.Lazy.getNullable(Lazy.java:135) ~[spring-data-commons-3.5.5.jar:3.5.5]
	at org.springframework.data.util.Lazy.get(Lazy.java:113) ~[spring-data-commons-3.5.5.jar:3.5.5]
	at org.springframework.data.repository.core.support.RepositoryFactoryBeanSupport.afterPropertiesSet(RepositoryFactoryBeanSupport.java:356) ~[spring-data-commons-3.5.5.jar:3.5.5]
	at org.springframework.data.jpa.repository.support.JpaRepositoryFactoryBean.afterPropertiesSet(JpaRepositoryFactoryBean.java:132) ~[spring-data-jpa-3.5.5.jar:3.5.5]
	at org.springframework.beans.factory.support.AbstractAutowireCapableBeanFactory.invokeInitMethods(AbstractAutowireCapableBeanFactory.java:1873) ~[spring-beans-6.2.12.jar:6.2.12]
	at org.springframework.beans.factory.support.AbstractAutowireCapableBeanFactory.initializeBean(AbstractAutowireCapableBeanFactory.java:1822) ~[spring-beans-6.2.12.jar:6.2.12]
	... 18 common frames omitted
Caused by: java.lang.IllegalArgumentException: Failed to create query for method public abstract java.util.List com.lava.lava.repository.RoleRepo.findByRoleName(com.lava.lava.enums.RoleName); No property 'roleName' found for type 'Role'
	at org.springframework.data.jpa.repository.query.PartTreeJpaQuery.<init>(PartTreeJpaQuery.java:107) ~[spring-data-jpa-3.5.5.jar:3.5.5]
	at org.springframework.data.jpa.repository.query.JpaQueryLookupStrategy$CreateQueryLookupStrategy.resolveQuery(JpaQueryLookupStrategy.java:128) ~[spring-data-jpa-3.5.5.jar:3.5.5]
	at org.springframework.data.jpa.repository.query.JpaQueryLookupStrategy$CreateIfNotFoundQueryLookupStrategy.resolveQuery(JpaQueryLookupStrategy.java:260) ~[spring-data-jpa-3.5.5.jar:3.5.5]
	at org.springframework.data.jpa.repository.query.JpaQueryLookupStrategy$AbstractQueryLookupStrategy.resolveQuery(JpaQueryLookupStrategy.java:99) ~[spring-data-jpa-3.5.5.jar:3.5.5]
	at org.springframework.data.repository.core.support.QueryExecutorMethodInterceptor.lookupQuery(QueryExecutorMethodInterceptor.java:116) ~[spring-data-commons-3.5.5.jar:3.5.5]
	... 30 common frames omitted
Caused by: org.springframework.data.mapping.PropertyReferenceException: No property 'roleName' found for type 'Role'
	at org.springframework.data.mapping.PropertyPath.<init>(PropertyPath.java:94) ~[spring-data-commons-3.5.5.jar:3.5.5]
	at org.springframework.data.mapping.PropertyPath.create(PropertyPath.java:455) ~[spring-data-commons-3.5.5.jar:3.5.5]
	at org.springframework.data.mapping.PropertyPath.create(PropertyPath.java:431) ~[spring-data-commons-3.5.5.jar:3.5.5]
	at org.springframework.data.mapping.PropertyPath.lambda$from$0(PropertyPath.java:384) ~[spring-data-commons-3.5.5.jar:3.5.5]
	at java.base/java.util.concurrent.ConcurrentMap.computeIfAbsent(ConcurrentMap.java:330) ~[na:na]
	at org.springframework.data.mapping.PropertyPath.from(PropertyPath.java:366) ~[spring-data-commons-3.5.5.jar:3.5.5]
	at org.springframework.data.mapping.PropertyPath.from(PropertyPath.java:344) ~[spring-data-commons-3.5.5.jar:3.5.5]
	at org.springframework.data.repository.query.parser.Part.<init>(Part.java:81) ~[spring-data-commons-3.5.5.jar:3.5.5]
	at org.springframework.data.repository.query.parser.PartTree$OrPart.lambda$new$0(PartTree.java:259) ~[spring-data-commons-3.5.5.jar:3.5.5]
	at java.base/java.util.stream.ReferencePipeline$3$1.accept(ReferencePipeline.java:197) ~[na:na]
	at java.base/java.util.stream.ReferencePipeline$2$1.accept(ReferencePipeline.java:179) ~[na:na]
	at java.base/java.util.Spliterators$ArraySpliterator.forEachRemaining(Spliterators.java:992) ~[na:na]
	at java.base/java.util.stream.AbstractPipeline.copyInto(AbstractPipeline.java:509) ~[na:na]
	at java.base/java.util.stream.AbstractPipeline.wrapAndCopyInto(AbstractPipeline.java:499) ~[na:na]
	at java.base/java.util.stream.ReduceOps$ReduceOp.evaluateSequential(ReduceOps.java:921) ~[na:na]
	at java.base/java.util.stream.AbstractPipeline.evaluate(AbstractPipeline.java:234) ~[na:na]
	at java.base/java.util.stream.ReferencePipeline.collect(ReferencePipeline.java:682) ~[na:na]
	at org.springframework.data.repository.query.parser.PartTree$OrPart.<init>(PartTree.java:260) ~[spring-data-commons-3.5.5.jar:3.5.5]
	at org.springframework.data.repository.query.parser.PartTree$Predicate.lambda$new$0(PartTree.java:389) ~[spring-data-commons-3.5.5.jar:3.5.5]
	at java.base/java.util.stream.ReferencePipeline$3$1.accept(ReferencePipeline.java:197) ~[na:na]
	at java.base/java.util.stream.ReferencePipeline$2$1.accept(ReferencePipeline.java:179) ~[na:na]
	at java.base/java.util.Spliterators$ArraySpliterator.forEachRemaining(Spliterators.java:992) ~[na:na]
	at java.base/java.util.stream.AbstractPipeline.copyInto(AbstractPipeline.java:509) ~[na:na]
	at java.base/java.util.stream.AbstractPipeline.wrapAndCopyInto(AbstractPipeline.java:499) ~[na:na]
	at java.base/java.util.stream.ReduceOps$ReduceOp.evaluateSequential(ReduceOps.java:921) ~[na:na]
	at java.base/java.util.stream.AbstractPipeline.evaluate(AbstractPipeline.java:234) ~[na:na]
	at java.base/java.util.stream.ReferencePipeline.collect(ReferencePipeline.java:682) ~[na:na]
	at org.springframework.data.repository.query.parser.PartTree$Predicate.<init>(PartTree.java:390) ~[spring-data-commons-3.5.5.jar:3.5.5]
	at org.springframework.data.repository.query.parser.PartTree.<init>(PartTree.java:103) ~[spring-data-commons-3.5.5.jar:3.5.5]
	at org.springframework.data.jpa.repository.query.PartTreeJpaQuery.<init>(PartTreeJpaQuery.java:101) ~[spring-data-jpa-3.5.5.jar:3.5.5]
	... 34 common frames omitted

2025-11-11T23:04:29.491+05:30  INFO 53053 --- [lava] [main] com.lava.lava.LavaApplication            : Starting LavaApplication using Java 17.0.16 with PID 53053 (/home/sathsara/Desktop/lava project demo/lava/target/classes started by sathsara in /home/sathsara/Desktop/lava project demo/lava)
2025-11-11T23:04:29.508+05:30  INFO 53053 --- [lava] [main] com.lava.lava.LavaApplication            : No active profile set, falling back to 1 default profile: "default"
2025-11-11T23:04:32.586+05:30  INFO 53053 --- [lava] [main] .s.d.r.c.RepositoryConfigurationDelegate : Bootstrapping Spring Data JPA repositories in DEFAULT mode.
2025-11-11T23:04:32.968+05:30  INFO 53053 --- [lava] [main] .s.d.r.c.RepositoryConfigurationDelegate : Finished Spring Data repository scanning in 328 ms. Found 13 JPA repository interfaces.
2025-11-11T23:04:35.142+05:30  INFO 53053 --- [lava] [main] o.s.b.w.embedded.tomcat.TomcatWebServer  : Tomcat initialized with port 8080 (http)
2025-11-11T23:04:35.201+05:30  INFO 53053 --- [lava] [main] o.apache.catalina.core.StandardService   : Starting service [Tomcat]
2025-11-11T23:04:35.203+05:30  INFO 53053 --- [lava] [main] o.apache.catalina.core.StandardEngine    : Starting Servlet engine: [Apache Tomcat/10.1.48]
2025-11-11T23:04:35.666+05:30  INFO 53053 --- [lava] [main] o.a.c.c.C.[Tomcat].[localhost].[/]       : Initializing Spring embedded WebApplicationContext
2025-11-11T23:04:35.670+05:30  INFO 53053 --- [lava] [main] w.s.c.ServletWebServerApplicationContext : Root WebApplicationContext: initialization completed in 5760 ms
2025-11-11T23:04:36.926+05:30  INFO 53053 --- [lava] [main] o.hibernate.jpa.internal.util.LogHelper  : HHH000204: Processing PersistenceUnitInfo [name: default]
2025-11-11T23:04:37.190+05:30  INFO 53053 --- [lava] [main] org.hibernate.Version                    : HHH000412: Hibernate ORM core version 6.6.33.Final
2025-11-11T23:04:37.361+05:30  INFO 53053 --- [lava] [main] o.h.c.internal.RegionFactoryInitiator    : HHH000026: Second-level cache disabled
2025-11-11T23:04:38.903+05:30  INFO 53053 --- [lava] [main] o.s.o.j.p.SpringPersistenceUnitInfo      : No LoadTimeWeaver setup: ignoring JPA class transformer
2025-11-11T23:04:39.084+05:30  INFO 53053 --- [lava] [main] com.zaxxer.hikari.HikariDataSource       : HikariPool-1 - Starting...
2025-11-11T23:04:39.758+05:30  INFO 53053 --- [lava] [main] com.zaxxer.hikari.pool.HikariPool        : HikariPool-1 - Added connection com.mysql.cj.jdbc.ConnectionImpl@5f409872
2025-11-11T23:04:39.765+05:30  INFO 53053 --- [lava] [main] com.zaxxer.hikari.HikariDataSource       : HikariPool-1 - Start completed.
2025-11-11T23:04:40.002+05:30  WARN 53053 --- [lava] [main] org.hibernate.orm.deprecation            : HHH90000025: MySQL8Dialect does not need to be specified explicitly using 'hibernate.dialect' (remove the property setting and it will be selected by default)
2025-11-11T23:04:40.014+05:30  WARN 53053 --- [lava] [main] org.hibernate.orm.deprecation            : HHH90000026: MySQL8Dialect has been deprecated; use org.hibernate.dialect.MySQLDialect instead
2025-11-11T23:04:40.121+05:30  INFO 53053 --- [lava] [main] org.hibernate.orm.connections.pooling    : HHH10001005: Database info:
	Database JDBC URL [Connecting through datasource 'HikariDataSource (HikariPool-1)']
	Database driver: undefined/unknown
	Database version: 8.0
	Autocommit mode: undefined/unknown
	Isolation level: undefined/unknown
	Minimum pool size: undefined/unknown
	Maximum pool size: undefined/unknown
2025-11-11T23:04:46.691+05:30  INFO 53053 --- [lava] [main] o.h.e.t.j.p.i.JtaPlatformInitiator       : HHH000489: No JTA platform available (set 'hibernate.transaction.jta.platform' to enable JTA platform integration)
2025-11-11T23:04:47.420+05:30  INFO 53053 --- [lava] [main] j.LocalContainerEntityManagerFactoryBean : Initialized JPA EntityManagerFactory for persistence unit 'default'
2025-11-11T23:04:47.758+05:30  WARN 53053 --- [lava] [main] JpaBaseConfiguration$JpaWebConfiguration : spring.jpa.open-in-view is enabled by default. Therefore, database queries may be performed during view rendering. Explicitly configure spring.jpa.open-in-view to disable this warning
2025-11-11T23:04:53.280+05:30  WARN 53053 --- [lava] [main] ConfigServletWebServerApplicationContext : Exception encountered during context initialization - cancelling refresh attempt: org.springframework.beans.factory.BeanCreationException: Error creating bean with name 'roleRepo' defined in com.lava.lava.repository.RoleRepo defined in @EnableJpaRepositories declared on JpaRepositoriesRegistrar.EnableJpaRepositoriesConfiguration: Could not create query for public abstract java.util.List com.lava.lava.repository.RoleRepo.findByRoleName(com.lava.lava.enums.RoleName); Reason: Failed to create query for method public abstract java.util.List com.lava.lava.repository.RoleRepo.findByRoleName(com.lava.lava.enums.RoleName); No property 'roleName' found for type 'Role'
2025-11-11T23:04:53.282+05:30  INFO 53053 --- [lava] [main] j.LocalContainerEntityManagerFactoryBean : Closing JPA EntityManagerFactory for persistence unit 'default'
2025-11-11T23:04:53.290+05:30  INFO 53053 --- [lava] [main] com.zaxxer.hikari.HikariDataSource       : HikariPool-1 - Shutdown initiated...
2025-11-11T23:04:53.362+05:30  INFO 53053 --- [lava] [main] com.zaxxer.hikari.HikariDataSource       : HikariPool-1 - Shutdown completed.
2025-11-11T23:04:53.376+05:30  INFO 53053 --- [lava] [main] o.apache.catalina.core.StandardService   : Stopping service [Tomcat]
2025-11-11T23:04:53.419+05:30  INFO 53053 --- [lava] [main] .s.b.a.l.ConditionEvaluationReportLogger : 

Error starting ApplicationContext. To display the condition evaluation report re-run your application with 'debug' enabled.
2025-11-11T23:04:53.495+05:30 ERROR 53053 --- [lava] [main] o.s.boot.SpringApplication               : Application run failed

org.springframework.beans.factory.BeanCreationException: Error creating bean with name 'roleRepo' defined in com.lava.lava.repository.RoleRepo defined in @EnableJpaRepositories declared on JpaRepositoriesRegistrar.EnableJpaRepositoriesConfiguration: Could not create query for public abstract java.util.List com.lava.lava.repository.RoleRepo.findByRoleName(com.lava.lava.enums.RoleName); Reason: Failed to create query for method public abstract java.util.List com.lava.lava.repository.RoleRepo.findByRoleName(com.lava.lava.enums.RoleName); No property 'roleName' found for type 'Role'
	at org.springframework.beans.factory.support.AbstractAutowireCapableBeanFactory.initializeBean(AbstractAutowireCapableBeanFactory.java:1826) ~[spring-beans-6.2.12.jar:6.2.12]
	at org.springframework.beans.factory.support.AbstractAutowireCapableBeanFactory.doCreateBean(AbstractAutowireCapableBeanFactory.java:607) ~[spring-beans-6.2.12.jar:6.2.12]
	at org.springframework.beans.factory.support.AbstractAutowireCapableBeanFactory.createBean(AbstractAutowireCapableBeanFactory.java:529) ~[spring-beans-6.2.12.jar:6.2.12]
	at org.springframework.beans.factory.support.AbstractBeanFactory.lambda$doGetBean$0(AbstractBeanFactory.java:339) ~[spring-beans-6.2.12.jar:6.2.12]
	at org.springframework.beans.factory.support.DefaultSingletonBeanRegistry.getSingleton(DefaultSingletonBeanRegistry.java:373) ~[spring-beans-6.2.12.jar:6.2.12]
	at org.springframework.beans.factory.support.AbstractBeanFactory.doGetBean(AbstractBeanFactory.java:337) ~[spring-beans-6.2.12.jar:6.2.12]
	at org.springframework.beans.factory.support.AbstractBeanFactory.getBean(AbstractBeanFactory.java:202) ~[spring-beans-6.2.12.jar:6.2.12]
	at org.springframework.beans.factory.support.DefaultListableBeanFactory.instantiateSingleton(DefaultListableBeanFactory.java:1222) ~[spring-beans-6.2.12.jar:6.2.12]
	at org.springframework.beans.factory.support.DefaultListableBeanFactory.preInstantiateSingleton(DefaultListableBeanFactory.java:1194) ~[spring-beans-6.2.12.jar:6.2.12]
	at org.springframework.beans.factory.support.DefaultListableBeanFactory.preInstantiateSingletons(DefaultListableBeanFactory.java:1130) ~[spring-beans-6.2.12.jar:6.2.12]
	at org.springframework.context.support.AbstractApplicationContext.finishBeanFactoryInitialization(AbstractApplicationContext.java:990) ~[spring-context-6.2.12.jar:6.2.12]
	at org.springframework.context.support.AbstractApplicationContext.refresh(AbstractApplicationContext.java:627) ~[spring-context-6.2.12.jar:6.2.12]
	at org.springframework.boot.web.servlet.context.ServletWebServerApplicationContext.refresh(ServletWebServerApplicationContext.java:146) ~[spring-boot-3.5.7.jar:3.5.7]
	at org.springframework.boot.SpringApplication.refresh(SpringApplication.java:752) ~[spring-boot-3.5.7.jar:3.5.7]
	at org.springframework.boot.SpringApplication.refreshContext(SpringApplication.java:439) ~[spring-boot-3.5.7.jar:3.5.7]
	at org.springframework.boot.SpringApplication.run(SpringApplication.java:318) ~[spring-boot-3.5.7.jar:3.5.7]
	at org.springframework.boot.SpringApplication.run(SpringApplication.java:1361) ~[spring-boot-3.5.7.jar:3.5.7]
	at org.springframework.boot.SpringApplication.run(SpringApplication.java:1350) ~[spring-boot-3.5.7.jar:3.5.7]
	at com.lava.lava.LavaApplication.main(LavaApplication.java:13) ~[classes/:na]
Caused by: org.springframework.data.repository.query.QueryCreationException: Could not create query for public abstract java.util.List com.lava.lava.repository.RoleRepo.findByRoleName(com.lava.lava.enums.RoleName); Reason: Failed to create query for method public abstract java.util.List com.lava.lava.repository.RoleRepo.findByRoleName(com.lava.lava.enums.RoleName); No property 'roleName' found for type 'Role'
	at org.springframework.data.repository.query.QueryCreationException.create(QueryCreationException.java:101) ~[spring-data-commons-3.5.5.jar:3.5.5]
	at org.springframework.data.repository.core.support.QueryExecutorMethodInterceptor.lookupQuery(QueryExecutorMethodInterceptor.java:120) ~[spring-data-commons-3.5.5.jar:3.5.5]
	at org.springframework.data.repository.core.support.QueryExecutorMethodInterceptor.mapMethodsToQuery(QueryExecutorMethodInterceptor.java:104) ~[spring-data-commons-3.5.5.jar:3.5.5]
	at org.springframework.data.repository.core.support.QueryExecutorMethodInterceptor.lambda$new$0(QueryExecutorMethodInterceptor.java:92) ~[spring-data-commons-3.5.5.jar:3.5.5]
	at java.base/java.util.Optional.map(Optional.java:260) ~[na:na]
	at org.springframework.data.repository.core.support.QueryExecutorMethodInterceptor.<init>(QueryExecutorMethodInterceptor.java:92) ~[spring-data-commons-3.5.5.jar:3.5.5]
	at org.springframework.data.repository.core.support.RepositoryFactorySupport.getRepository(RepositoryFactorySupport.java:434) ~[spring-data-commons-3.5.5.jar:3.5.5]
	at org.springframework.data.repository.core.support.RepositoryFactoryBeanSupport.lambda$afterPropertiesSet$4(RepositoryFactoryBeanSupport.java:350) ~[spring-data-commons-3.5.5.jar:3.5.5]
	at org.springframework.data.util.Lazy.getNullable(Lazy.java:135) ~[spring-data-commons-3.5.5.jar:3.5.5]
	at org.springframework.data.util.Lazy.get(Lazy.java:113) ~[spring-data-commons-3.5.5.jar:3.5.5]
	at org.springframework.data.repository.core.support.RepositoryFactoryBeanSupport.afterPropertiesSet(RepositoryFactoryBeanSupport.java:356) ~[spring-data-commons-3.5.5.jar:3.5.5]
	at org.springframework.data.jpa.repository.support.JpaRepositoryFactoryBean.afterPropertiesSet(JpaRepositoryFactoryBean.java:132) ~[spring-data-jpa-3.5.5.jar:3.5.5]
	at org.springframework.beans.factory.support.AbstractAutowireCapableBeanFactory.invokeInitMethods(AbstractAutowireCapableBeanFactory.java:1873) ~[spring-beans-6.2.12.jar:6.2.12]
	at org.springframework.beans.factory.support.AbstractAutowireCapableBeanFactory.initializeBean(AbstractAutowireCapableBeanFactory.java:1822) ~[spring-beans-6.2.12.jar:6.2.12]
	... 18 common frames omitted
Caused by: java.lang.IllegalArgumentException: Failed to create query for method public abstract java.util.List com.lava.lava.repository.RoleRepo.findByRoleName(com.lava.lava.enums.RoleName); No property 'roleName' found for type 'Role'
	at org.springframework.data.jpa.repository.query.PartTreeJpaQuery.<init>(PartTreeJpaQuery.java:107) ~[spring-data-jpa-3.5.5.jar:3.5.5]
	at org.springframework.data.jpa.repository.query.JpaQueryLookupStrategy$CreateQueryLookupStrategy.resolveQuery(JpaQueryLookupStrategy.java:128) ~[spring-data-jpa-3.5.5.jar:3.5.5]
	at org.springframework.data.jpa.repository.query.JpaQueryLookupStrategy$CreateIfNotFoundQueryLookupStrategy.resolveQuery(JpaQueryLookupStrategy.java:260) ~[spring-data-jpa-3.5.5.jar:3.5.5]
	at org.springframework.data.jpa.repository.query.JpaQueryLookupStrategy$AbstractQueryLookupStrategy.resolveQuery(JpaQueryLookupStrategy.java:99) ~[spring-data-jpa-3.5.5.jar:3.5.5]
	at org.springframework.data.repository.core.support.QueryExecutorMethodInterceptor.lookupQuery(QueryExecutorMethodInterceptor.java:116) ~[spring-data-commons-3.5.5.jar:3.5.5]
	... 30 common frames omitted
Caused by: org.springframework.data.mapping.PropertyReferenceException: No property 'roleName' found for type 'Role'
	at org.springframework.data.mapping.PropertyPath.<init>(PropertyPath.java:94) ~[spring-data-commons-3.5.5.jar:3.5.5]
	at org.springframework.data.mapping.PropertyPath.create(PropertyPath.java:455) ~[spring-data-commons-3.5.5.jar:3.5.5]
	at org.springframework.data.mapping.PropertyPath.create(PropertyPath.java:431) ~[spring-data-commons-3.5.5.jar:3.5.5]
	at org.springframework.data.mapping.PropertyPath.lambda$from$0(PropertyPath.java:384) ~[spring-data-commons-3.5.5.jar:3.5.5]
	at java.base/java.util.concurrent.ConcurrentMap.computeIfAbsent(ConcurrentMap.java:330) ~[na:na]
	at org.springframework.data.mapping.PropertyPath.from(PropertyPath.java:366) ~[spring-data-commons-3.5.5.jar:3.5.5]
	at org.springframework.data.mapping.PropertyPath.from(PropertyPath.java:344) ~[spring-data-commons-3.5.5.jar:3.5.5]
	at org.springframework.data.repository.query.parser.Part.<init>(Part.java:81) ~[spring-data-commons-3.5.5.jar:3.5.5]
	at org.springframework.data.repository.query.parser.PartTree$OrPart.lambda$new$0(PartTree.java:259) ~[spring-data-commons-3.5.5.jar:3.5.5]
	at java.base/java.util.stream.ReferencePipeline$3$1.accept(ReferencePipeline.java:197) ~[na:na]
	at java.base/java.util.stream.ReferencePipeline$2$1.accept(ReferencePipeline.java:179) ~[na:na]
	at java.base/java.util.Spliterators$ArraySpliterator.forEachRemaining(Spliterators.java:992) ~[na:na]
	at java.base/java.util.stream.AbstractPipeline.copyInto(AbstractPipeline.java:509) ~[na:na]
	at java.base/java.util.stream.AbstractPipeline.wrapAndCopyInto(AbstractPipeline.java:499) ~[na:na]
	at java.base/java.util.stream.ReduceOps$ReduceOp.evaluateSequential(ReduceOps.java:921) ~[na:na]
	at java.base/java.util.stream.AbstractPipeline.evaluate(AbstractPipeline.java:234) ~[na:na]
	at java.base/java.util.stream.ReferencePipeline.collect(ReferencePipeline.java:682) ~[na:na]
	at org.springframework.data.repository.query.parser.PartTree$OrPart.<init>(PartTree.java:260) ~[spring-data-commons-3.5.5.jar:3.5.5]
	at org.springframework.data.repository.query.parser.PartTree$Predicate.lambda$new$0(PartTree.java:389) ~[spring-data-commons-3.5.5.jar:3.5.5]
	at java.base/java.util.stream.ReferencePipeline$3$1.accept(ReferencePipeline.java:197) ~[na:na]
	at java.base/java.util.stream.ReferencePipeline$2$1.accept(ReferencePipeline.java:179) ~[na:na]
	at java.base/java.util.Spliterators$ArraySpliterator.forEachRemaining(Spliterators.java:992) ~[na:na]
	at java.base/java.util.stream.AbstractPipeline.copyInto(AbstractPipeline.java:509) ~[na:na]
	at java.base/java.util.stream.AbstractPipeline.wrapAndCopyInto(AbstractPipeline.java:499) ~[na:na]
	at java.base/java.util.stream.ReduceOps$ReduceOp.evaluateSequential(ReduceOps.java:921) ~[na:na]
	at java.base/java.util.stream.AbstractPipeline.evaluate(AbstractPipeline.java:234) ~[na:na]
	at java.base/java.util.stream.ReferencePipeline.collect(ReferencePipeline.java:682) ~[na:na]
	at org.springframework.data.repository.query.parser.PartTree$Predicate.<init>(PartTree.java:390) ~[spring-data-commons-3.5.5.jar:3.5.5]
	at org.springframework.data.repository.query.parser.PartTree.<init>(PartTree.java:103) ~[spring-data-commons-3.5.5.jar:3.5.5]
	at org.springframework.data.jpa.repository.query.PartTreeJpaQuery.<init>(PartTreeJpaQuery.java:101) ~[spring-data-jpa-3.5.5.jar:3.5.5]
	... 34 common frames omitted

2025-11-11T23:05:53.309+05:30  INFO 53290 --- [lava] [main] com.lava.lava.LavaApplication            : Starting LavaApplication using Java 17.0.16 with PID 53290 (/home/sathsara/Desktop/lava project demo/lava/target/classes started by sathsara in /home/sathsara/Desktop/lava project demo/lava)
2025-11-11T23:05:53.322+05:30  INFO 53290 --- [lava] [main] com.lava.lava.LavaApplication            : No active profile set, falling back to 1 default profile: "default"
2025-11-11T23:06:01.804+05:30  INFO 53290 --- [lava] [main] .s.d.r.c.RepositoryConfigurationDelegate : Bootstrapping Spring Data JPA repositories in DEFAULT mode.
2025-11-11T23:06:02.245+05:30  INFO 53290 --- [lava] [main] .s.d.r.c.RepositoryConfigurationDelegate : Finished Spring Data repository scanning in 383 ms. Found 13 JPA repository interfaces.
2025-11-11T23:06:04.840+05:30  INFO 53290 --- [lava] [main] o.s.b.w.embedded.tomcat.TomcatWebServer  : Tomcat initialized with port 8080 (http)
2025-11-11T23:06:05.004+05:30  INFO 53290 --- [lava] [main] o.apache.catalina.core.StandardService   : Starting service [Tomcat]
2025-11-11T23:06:05.006+05:30  INFO 53290 --- [lava] [main] o.apache.catalina.core.StandardEngine    : Starting Servlet engine: [Apache Tomcat/10.1.48]
2025-11-11T23:06:05.282+05:30  INFO 53290 --- [lava] [main] o.a.c.c.C.[Tomcat].[localhost].[/]       : Initializing Spring embedded WebApplicationContext
2025-11-11T23:06:05.289+05:30  INFO 53290 --- [lava] [main] w.s.c.ServletWebServerApplicationContext : Root WebApplicationContext: initialization completed in 11549 ms
2025-11-11T23:06:06.121+05:30  INFO 53290 --- [lava] [main] o.hibernate.jpa.internal.util.LogHelper  : HHH000204: Processing PersistenceUnitInfo [name: default]
2025-11-11T23:06:06.290+05:30  INFO 53290 --- [lava] [main] org.hibernate.Version                    : HHH000412: Hibernate ORM core version 6.6.33.Final
2025-11-11T23:06:06.511+05:30  INFO 53290 --- [lava] [main] o.h.c.internal.RegionFactoryInitiator    : HHH000026: Second-level cache disabled
2025-11-11T23:06:07.984+05:30  INFO 53290 --- [lava] [main] o.s.o.j.p.SpringPersistenceUnitInfo      : No LoadTimeWeaver setup: ignoring JPA class transformer
2025-11-11T23:06:08.089+05:30  INFO 53290 --- [lava] [main] com.zaxxer.hikari.HikariDataSource       : HikariPool-1 - Starting...
2025-11-11T23:06:08.659+05:30  INFO 53290 --- [lava] [main] com.zaxxer.hikari.pool.HikariPool        : HikariPool-1 - Added connection com.mysql.cj.jdbc.ConnectionImpl@2cd3fc29
2025-11-11T23:06:08.666+05:30  INFO 53290 --- [lava] [main] com.zaxxer.hikari.HikariDataSource       : HikariPool-1 - Start completed.
2025-11-11T23:06:08.850+05:30  WARN 53290 --- [lava] [main] org.hibernate.orm.deprecation            : HHH90000025: MySQL8Dialect does not need to be specified explicitly using 'hibernate.dialect' (remove the property setting and it will be selected by default)
2025-11-11T23:06:08.859+05:30  WARN 53290 --- [lava] [main] org.hibernate.orm.deprecation            : HHH90000026: MySQL8Dialect has been deprecated; use org.hibernate.dialect.MySQLDialect instead
2025-11-11T23:06:08.954+05:30  INFO 53290 --- [lava] [main] org.hibernate.orm.connections.pooling    : HHH10001005: Database info:
	Database JDBC URL [Connecting through datasource 'HikariDataSource (HikariPool-1)']
	Database driver: undefined/unknown
	Database version: 8.0
	Autocommit mode: undefined/unknown
	Isolation level: undefined/unknown
	Minimum pool size: undefined/unknown
	Maximum pool size: undefined/unknown
2025-11-11T23:06:13.431+05:30  INFO 53290 --- [lava] [main] o.h.e.t.j.p.i.JtaPlatformInitiator       : HHH000489: No JTA platform available (set 'hibernate.transaction.jta.platform' to enable JTA platform integration)
2025-11-11T23:06:13.918+05:30  INFO 53290 --- [lava] [main] j.LocalContainerEntityManagerFactoryBean : Initialized JPA EntityManagerFactory for persistence unit 'default'
2025-11-11T23:06:14.037+05:30  WARN 53290 --- [lava] [main] JpaBaseConfiguration$JpaWebConfiguration : spring.jpa.open-in-view is enabled by default. Therefore, database queries may be performed during view rendering. Explicitly configure spring.jpa.open-in-view to disable this warning
2025-11-11T23:06:15.895+05:30  WARN 53290 --- [lava] [main] ConfigServletWebServerApplicationContext : Exception encountered during context initialization - cancelling refresh attempt: org.springframework.beans.factory.BeanCreationException: Error creating bean with name 'companyRepo' defined in com.lava.lava.repository.CompanyRepo defined in @EnableJpaRepositories declared on JpaRepositoriesRegistrar.EnableJpaRepositoriesConfiguration: Could not create query for public abstract java.util.List com.lava.lava.repository.CompanyRepo.findCompanyStatus(com.lava.lava.enums.CompanyStatus); Reason: Failed to create query for method public abstract java.util.List com.lava.lava.repository.CompanyRepo.findCompanyStatus(com.lava.lava.enums.CompanyStatus); No property 'findCompanyStatus' found for type 'Company'
2025-11-11T23:06:15.897+05:30  INFO 53290 --- [lava] [main] j.LocalContainerEntityManagerFactoryBean : Closing JPA EntityManagerFactory for persistence unit 'default'
2025-11-11T23:06:15.904+05:30  INFO 53290 --- [lava] [main] com.zaxxer.hikari.HikariDataSource       : HikariPool-1 - Shutdown initiated...
2025-11-11T23:06:15.926+05:30  INFO 53290 --- [lava] [main] com.zaxxer.hikari.HikariDataSource       : HikariPool-1 - Shutdown completed.
2025-11-11T23:06:15.939+05:30  INFO 53290 --- [lava] [main] o.apache.catalina.core.StandardService   : Stopping service [Tomcat]
2025-11-11T23:06:15.991+05:30  INFO 53290 --- [lava] [main] .s.b.a.l.ConditionEvaluationReportLogger : 

Error starting ApplicationContext. To display the condition evaluation report re-run your application with 'debug' enabled.
2025-11-11T23:06:16.044+05:30 ERROR 53290 --- [lava] [main] o.s.boot.SpringApplication               : Application run failed

org.springframework.beans.factory.BeanCreationException: Error creating bean with name 'companyRepo' defined in com.lava.lava.repository.CompanyRepo defined in @EnableJpaRepositories declared on JpaRepositoriesRegistrar.EnableJpaRepositoriesConfiguration: Could not create query for public abstract java.util.List com.lava.lava.repository.CompanyRepo.findCompanyStatus(com.lava.lava.enums.CompanyStatus); Reason: Failed to create query for method public abstract java.util.List com.lava.lava.repository.CompanyRepo.findCompanyStatus(com.lava.lava.enums.CompanyStatus); No property 'findCompanyStatus' found for type 'Company'
	at org.springframework.beans.factory.support.AbstractAutowireCapableBeanFactory.initializeBean(AbstractAutowireCapableBeanFactory.java:1826) ~[spring-beans-6.2.12.jar:6.2.12]
	at org.springframework.beans.factory.support.AbstractAutowireCapableBeanFactory.doCreateBean(AbstractAutowireCapableBeanFactory.java:607) ~[spring-beans-6.2.12.jar:6.2.12]
	at org.springframework.beans.factory.support.AbstractAutowireCapableBeanFactory.createBean(AbstractAutowireCapableBeanFactory.java:529) ~[spring-beans-6.2.12.jar:6.2.12]
	at org.springframework.beans.factory.support.AbstractBeanFactory.lambda$doGetBean$0(AbstractBeanFactory.java:339) ~[spring-beans-6.2.12.jar:6.2.12]
	at org.springframework.beans.factory.support.DefaultSingletonBeanRegistry.getSingleton(DefaultSingletonBeanRegistry.java:373) ~[spring-beans-6.2.12.jar:6.2.12]
	at org.springframework.beans.factory.support.AbstractBeanFactory.doGetBean(AbstractBeanFactory.java:337) ~[spring-beans-6.2.12.jar:6.2.12]
	at org.springframework.beans.factory.support.AbstractBeanFactory.getBean(AbstractBeanFactory.java:202) ~[spring-beans-6.2.12.jar:6.2.12]
	at org.springframework.beans.factory.support.DefaultListableBeanFactory.instantiateSingleton(DefaultListableBeanFactory.java:1222) ~[spring-beans-6.2.12.jar:6.2.12]
	at org.springframework.beans.factory.support.DefaultListableBeanFactory.preInstantiateSingleton(DefaultListableBeanFactory.java:1194) ~[spring-beans-6.2.12.jar:6.2.12]
	at org.springframework.beans.factory.support.DefaultListableBeanFactory.preInstantiateSingletons(DefaultListableBeanFactory.java:1130) ~[spring-beans-6.2.12.jar:6.2.12]
	at org.springframework.context.support.AbstractApplicationContext.finishBeanFactoryInitialization(AbstractApplicationContext.java:990) ~[spring-context-6.2.12.jar:6.2.12]
	at org.springframework.context.support.AbstractApplicationContext.refresh(AbstractApplicationContext.java:627) ~[spring-context-6.2.12.jar:6.2.12]
	at org.springframework.boot.web.servlet.context.ServletWebServerApplicationContext.refresh(ServletWebServerApplicationContext.java:146) ~[spring-boot-3.5.7.jar:3.5.7]
	at org.springframework.boot.SpringApplication.refresh(SpringApplication.java:752) ~[spring-boot-3.5.7.jar:3.5.7]
	at org.springframework.boot.SpringApplication.refreshContext(SpringApplication.java:439) ~[spring-boot-3.5.7.jar:3.5.7]
	at org.springframework.boot.SpringApplication.run(SpringApplication.java:318) ~[spring-boot-3.5.7.jar:3.5.7]
	at org.springframework.boot.SpringApplication.run(SpringApplication.java:1361) ~[spring-boot-3.5.7.jar:3.5.7]
	at org.springframework.boot.SpringApplication.run(SpringApplication.java:1350) ~[spring-boot-3.5.7.jar:3.5.7]
	at com.lava.lava.LavaApplication.main(LavaApplication.java:13) ~[classes/:na]
Caused by: org.springframework.data.repository.query.QueryCreationException: Could not create query for public abstract java.util.List com.lava.lava.repository.CompanyRepo.findCompanyStatus(com.lava.lava.enums.CompanyStatus); Reason: Failed to create query for method public abstract java.util.List com.lava.lava.repository.CompanyRepo.findCompanyStatus(com.lava.lava.enums.CompanyStatus); No property 'findCompanyStatus' found for type 'Company'
	at org.springframework.data.repository.query.QueryCreationException.create(QueryCreationException.java:101) ~[spring-data-commons-3.5.5.jar:3.5.5]
	at org.springframework.data.repository.core.support.QueryExecutorMethodInterceptor.lookupQuery(QueryExecutorMethodInterceptor.java:120) ~[spring-data-commons-3.5.5.jar:3.5.5]
	at org.springframework.data.repository.core.support.QueryExecutorMethodInterceptor.mapMethodsToQuery(QueryExecutorMethodInterceptor.java:104) ~[spring-data-commons-3.5.5.jar:3.5.5]
	at org.springframework.data.repository.core.support.QueryExecutorMethodInterceptor.lambda$new$0(QueryExecutorMethodInterceptor.java:92) ~[spring-data-commons-3.5.5.jar:3.5.5]
	at java.base/java.util.Optional.map(Optional.java:260) ~[na:na]
	at org.springframework.data.repository.core.support.QueryExecutorMethodInterceptor.<init>(QueryExecutorMethodInterceptor.java:92) ~[spring-data-commons-3.5.5.jar:3.5.5]
	at org.springframework.data.repository.core.support.RepositoryFactorySupport.getRepository(RepositoryFactorySupport.java:434) ~[spring-data-commons-3.5.5.jar:3.5.5]
	at org.springframework.data.repository.core.support.RepositoryFactoryBeanSupport.lambda$afterPropertiesSet$4(RepositoryFactoryBeanSupport.java:350) ~[spring-data-commons-3.5.5.jar:3.5.5]
	at org.springframework.data.util.Lazy.getNullable(Lazy.java:135) ~[spring-data-commons-3.5.5.jar:3.5.5]
	at org.springframework.data.util.Lazy.get(Lazy.java:113) ~[spring-data-commons-3.5.5.jar:3.5.5]
	at org.springframework.data.repository.core.support.RepositoryFactoryBeanSupport.afterPropertiesSet(RepositoryFactoryBeanSupport.java:356) ~[spring-data-commons-3.5.5.jar:3.5.5]
	at org.springframework.data.jpa.repository.support.JpaRepositoryFactoryBean.afterPropertiesSet(JpaRepositoryFactoryBean.java:132) ~[spring-data-jpa-3.5.5.jar:3.5.5]
	at org.springframework.beans.factory.support.AbstractAutowireCapableBeanFactory.invokeInitMethods(AbstractAutowireCapableBeanFactory.java:1873) ~[spring-beans-6.2.12.jar:6.2.12]
	at org.springframework.beans.factory.support.AbstractAutowireCapableBeanFactory.initializeBean(AbstractAutowireCapableBeanFactory.java:1822) ~[spring-beans-6.2.12.jar:6.2.12]
	... 18 common frames omitted
Caused by: java.lang.IllegalArgumentException: Failed to create query for method public abstract java.util.List com.lava.lava.repository.CompanyRepo.findCompanyStatus(com.lava.lava.enums.CompanyStatus); No property 'findCompanyStatus' found for type 'Company'
	at org.springframework.data.jpa.repository.query.PartTreeJpaQuery.<init>(PartTreeJpaQuery.java:107) ~[spring-data-jpa-3.5.5.jar:3.5.5]
	at org.springframework.data.jpa.repository.query.JpaQueryLookupStrategy$CreateQueryLookupStrategy.resolveQuery(JpaQueryLookupStrategy.java:128) ~[spring-data-jpa-3.5.5.jar:3.5.5]
	at org.springframework.data.jpa.repository.query.JpaQueryLookupStrategy$CreateIfNotFoundQueryLookupStrategy.resolveQuery(JpaQueryLookupStrategy.java:260) ~[spring-data-jpa-3.5.5.jar:3.5.5]
	at org.springframework.data.jpa.repository.query.JpaQueryLookupStrategy$AbstractQueryLookupStrategy.resolveQuery(JpaQueryLookupStrategy.java:99) ~[spring-data-jpa-3.5.5.jar:3.5.5]
	at org.springframework.data.repository.core.support.QueryExecutorMethodInterceptor.lookupQuery(QueryExecutorMethodInterceptor.java:116) ~[spring-data-commons-3.5.5.jar:3.5.5]
	... 30 common frames omitted
Caused by: org.springframework.data.mapping.PropertyReferenceException: No property 'findCompanyStatus' found for type 'Company'
	at org.springframework.data.mapping.PropertyPath.<init>(PropertyPath.java:94) ~[spring-data-commons-3.5.5.jar:3.5.5]
	at org.springframework.data.mapping.PropertyPath.create(PropertyPath.java:455) ~[spring-data-commons-3.5.5.jar:3.5.5]
	at org.springframework.data.mapping.PropertyPath.create(PropertyPath.java:431) ~[spring-data-commons-3.5.5.jar:3.5.5]
	at org.springframework.data.mapping.PropertyPath.lambda$from$0(PropertyPath.java:384) ~[spring-data-commons-3.5.5.jar:3.5.5]
	at java.base/java.util.concurrent.ConcurrentMap.computeIfAbsent(ConcurrentMap.java:330) ~[na:na]
	at org.springframework.data.mapping.PropertyPath.from(PropertyPath.java:366) ~[spring-data-commons-3.5.5.jar:3.5.5]
	at org.springframework.data.mapping.PropertyPath.from(PropertyPath.java:344) ~[spring-data-commons-3.5.5.jar:3.5.5]
	at org.springframework.data.repository.query.parser.Part.<init>(Part.java:81) ~[spring-data-commons-3.5.5.jar:3.5.5]
	at org.springframework.data.repository.query.parser.PartTree$OrPart.lambda$new$0(PartTree.java:259) ~[spring-data-commons-3.5.5.jar:3.5.5]
	at java.base/java.util.stream.ReferencePipeline$3$1.accept(ReferencePipeline.java:197) ~[na:na]
	at java.base/java.util.stream.ReferencePipeline$2$1.accept(ReferencePipeline.java:179) ~[na:na]
	at java.base/java.util.Spliterators$ArraySpliterator.forEachRemaining(Spliterators.java:992) ~[na:na]
	at java.base/java.util.stream.AbstractPipeline.copyInto(AbstractPipeline.java:509) ~[na:na]
	at java.base/java.util.stream.AbstractPipeline.wrapAndCopyInto(AbstractPipeline.java:499) ~[na:na]
	at java.base/java.util.stream.ReduceOps$ReduceOp.evaluateSequential(ReduceOps.java:921) ~[na:na]
	at java.base/java.util.stream.AbstractPipeline.evaluate(AbstractPipeline.java:234) ~[na:na]
	at java.base/java.util.stream.ReferencePipeline.collect(ReferencePipeline.java:682) ~[na:na]
	at org.springframework.data.repository.query.parser.PartTree$OrPart.<init>(PartTree.java:260) ~[spring-data-commons-3.5.5.jar:3.5.5]
	at org.springframework.data.repository.query.parser.PartTree$Predicate.lambda$new$0(PartTree.java:389) ~[spring-data-commons-3.5.5.jar:3.5.5]
	at java.base/java.util.stream.ReferencePipeline$3$1.accept(ReferencePipeline.java:197) ~[na:na]
	at java.base/java.util.stream.ReferencePipeline$2$1.accept(ReferencePipeline.java:179) ~[na:na]
	at java.base/java.util.Spliterators$ArraySpliterator.forEachRemaining(Spliterators.java:992) ~[na:na]
	at java.base/java.util.stream.AbstractPipeline.copyInto(AbstractPipeline.java:509) ~[na:na]
	at java.base/java.util.stream.AbstractPipeline.wrapAndCopyInto(AbstractPipeline.java:499) ~[na:na]
	at java.base/java.util.stream.ReduceOps$ReduceOp.evaluateSequential(ReduceOps.java:921) ~[na:na]
	at java.base/java.util.stream.AbstractPipeline.evaluate(AbstractPipeline.java:234) ~[na:na]
	at java.base/java.util.stream.ReferencePipeline.collect(ReferencePipeline.java:682) ~[na:na]
	at org.springframework.data.repository.query.parser.PartTree$Predicate.<init>(PartTree.java:390) ~[spring-data-commons-3.5.5.jar:3.5.5]
	at org.springframework.data.repository.query.parser.PartTree.<init>(PartTree.java:100) ~[spring-data-commons-3.5.5.jar:3.5.5]
	at org.springframework.data.jpa.repository.query.PartTreeJpaQuery.<init>(PartTreeJpaQuery.java:101) ~[spring-data-jpa-3.5.5.jar:3.5.5]
	... 34 common frames omitted

2025-11-11T23:07:02.959+05:30  INFO 53416 --- [lava] [main] com.lava.lava.LavaApplication            : Starting LavaApplication using Java 17.0.16 with PID 53416 (/home/sathsara/Desktop/lava project demo/lava/target/classes started by sathsara in /home/sathsara/Desktop/lava project demo/lava)
2025-11-11T23:07:02.975+05:30  INFO 53416 --- [lava] [main] com.lava.lava.LavaApplication            : No active profile set, falling back to 1 default profile: "default"
2025-11-11T23:07:06.249+05:30  INFO 53416 --- [lava] [main] .s.d.r.c.RepositoryConfigurationDelegate : Bootstrapping Spring Data JPA repositories in DEFAULT mode.
2025-11-11T23:07:06.636+05:30  INFO 53416 --- [lava] [main] .s.d.r.c.RepositoryConfigurationDelegate : Finished Spring Data repository scanning in 355 ms. Found 13 JPA repository interfaces.
2025-11-11T23:07:08.934+05:30  INFO 53416 --- [lava] [main] o.s.b.w.embedded.tomcat.TomcatWebServer  : Tomcat initialized with port 8080 (http)
2025-11-11T23:07:08.979+05:30  INFO 53416 --- [lava] [main] o.apache.catalina.core.StandardService   : Starting service [Tomcat]
2025-11-11T23:07:08.980+05:30  INFO 53416 --- [lava] [main] o.apache.catalina.core.StandardEngine    : Starting Servlet engine: [Apache Tomcat/10.1.48]
2025-11-11T23:07:09.222+05:30  INFO 53416 --- [lava] [main] o.a.c.c.C.[Tomcat].[localhost].[/]       : Initializing Spring embedded WebApplicationContext
2025-11-11T23:07:09.226+05:30  INFO 53416 --- [lava] [main] w.s.c.ServletWebServerApplicationContext : Root WebApplicationContext: initialization completed in 5972 ms
2025-11-11T23:07:09.897+05:30  INFO 53416 --- [lava] [main] o.hibernate.jpa.internal.util.LogHelper  : HHH000204: Processing PersistenceUnitInfo [name: default]
2025-11-11T23:07:10.087+05:30  INFO 53416 --- [lava] [main] org.hibernate.Version                    : HHH000412: Hibernate ORM core version 6.6.33.Final
2025-11-11T23:07:10.214+05:30  INFO 53416 --- [lava] [main] o.h.c.internal.RegionFactoryInitiator    : HHH000026: Second-level cache disabled
2025-11-11T23:07:11.184+05:30  INFO 53416 --- [lava] [main] o.s.o.j.p.SpringPersistenceUnitInfo      : No LoadTimeWeaver setup: ignoring JPA class transformer
2025-11-11T23:07:11.273+05:30  INFO 53416 --- [lava] [main] com.zaxxer.hikari.HikariDataSource       : HikariPool-1 - Starting...
2025-11-11T23:07:11.826+05:30  INFO 53416 --- [lava] [main] com.zaxxer.hikari.pool.HikariPool        : HikariPool-1 - Added connection com.mysql.cj.jdbc.ConnectionImpl@108b121f
2025-11-11T23:07:11.834+05:30  INFO 53416 --- [lava] [main] com.zaxxer.hikari.HikariDataSource       : HikariPool-1 - Start completed.
2025-11-11T23:07:11.996+05:30  WARN 53416 --- [lava] [main] org.hibernate.orm.deprecation            : HHH90000025: MySQL8Dialect does not need to be specified explicitly using 'hibernate.dialect' (remove the property setting and it will be selected by default)
2025-11-11T23:07:12.001+05:30  WARN 53416 --- [lava] [main] org.hibernate.orm.deprecation            : HHH90000026: MySQL8Dialect has been deprecated; use org.hibernate.dialect.MySQLDialect instead
2025-11-11T23:07:12.145+05:30  INFO 53416 --- [lava] [main] org.hibernate.orm.connections.pooling    : HHH10001005: Database info:
	Database JDBC URL [Connecting through datasource 'HikariDataSource (HikariPool-1)']
	Database driver: undefined/unknown
	Database version: 8.0
	Autocommit mode: undefined/unknown
	Isolation level: undefined/unknown
	Minimum pool size: undefined/unknown
	Maximum pool size: undefined/unknown
2025-11-11T23:07:16.930+05:30  INFO 53416 --- [lava] [main] o.h.e.t.j.p.i.JtaPlatformInitiator       : HHH000489: No JTA platform available (set 'hibernate.transaction.jta.platform' to enable JTA platform integration)
2025-11-11T23:07:17.664+05:30  INFO 53416 --- [lava] [main] j.LocalContainerEntityManagerFactoryBean : Initialized JPA EntityManagerFactory for persistence unit 'default'
2025-11-11T23:07:17.876+05:30  WARN 53416 --- [lava] [main] JpaBaseConfiguration$JpaWebConfiguration : spring.jpa.open-in-view is enabled by default. Therefore, database queries may be performed during view rendering. Explicitly configure spring.jpa.open-in-view to disable this warning
2025-11-11T23:07:20.566+05:30  WARN 53416 --- [lava] [main] ConfigServletWebServerApplicationContext : Exception encountered during context initialization - cancelling refresh attempt: org.springframework.beans.factory.BeanCreationException: Error creating bean with name 'companyRepo' defined in com.lava.lava.repository.CompanyRepo defined in @EnableJpaRepositories declared on JpaRepositoriesRegistrar.EnableJpaRepositoriesConfiguration: Could not create query for public abstract java.util.List com.lava.lava.repository.CompanyRepo.findByCompanyStatus(com.lava.lava.enums.CompanyStatus); Reason: Failed to create query for method public abstract java.util.List com.lava.lava.repository.CompanyRepo.findByCompanyStatus(com.lava.lava.enums.CompanyStatus); No property 'companyStatus' found for type 'Company'
2025-11-11T23:07:20.570+05:30  INFO 53416 --- [lava] [main] j.LocalContainerEntityManagerFactoryBean : Closing JPA EntityManagerFactory for persistence unit 'default'
2025-11-11T23:07:20.580+05:30  INFO 53416 --- [lava] [main] com.zaxxer.hikari.HikariDataSource       : HikariPool-1 - Shutdown initiated...
2025-11-11T23:07:20.617+05:30  INFO 53416 --- [lava] [main] com.zaxxer.hikari.HikariDataSource       : HikariPool-1 - Shutdown completed.
2025-11-11T23:07:20.627+05:30  INFO 53416 --- [lava] [main] o.apache.catalina.core.StandardService   : Stopping service [Tomcat]
2025-11-11T23:07:20.677+05:30  INFO 53416 --- [lava] [main] .s.b.a.l.ConditionEvaluationReportLogger : 

Error starting ApplicationContext. To display the condition evaluation report re-run your application with 'debug' enabled.
2025-11-11T23:07:20.749+05:30 ERROR 53416 --- [lava] [main] o.s.boot.SpringApplication               : Application run failed

org.springframework.beans.factory.BeanCreationException: Error creating bean with name 'companyRepo' defined in com.lava.lava.repository.CompanyRepo defined in @EnableJpaRepositories declared on JpaRepositoriesRegistrar.EnableJpaRepositoriesConfiguration: Could not create query for public abstract java.util.List com.lava.lava.repository.CompanyRepo.findByCompanyStatus(com.lava.lava.enums.CompanyStatus); Reason: Failed to create query for method public abstract java.util.List com.lava.lava.repository.CompanyRepo.findByCompanyStatus(com.lava.lava.enums.CompanyStatus); No property 'companyStatus' found for type 'Company'
	at org.springframework.beans.factory.support.AbstractAutowireCapableBeanFactory.initializeBean(AbstractAutowireCapableBeanFactory.java:1826) ~[spring-beans-6.2.12.jar:6.2.12]
	at org.springframework.beans.factory.support.AbstractAutowireCapableBeanFactory.doCreateBean(AbstractAutowireCapableBeanFactory.java:607) ~[spring-beans-6.2.12.jar:6.2.12]
	at org.springframework.beans.factory.support.AbstractAutowireCapableBeanFactory.createBean(AbstractAutowireCapableBeanFactory.java:529) ~[spring-beans-6.2.12.jar:6.2.12]
	at org.springframework.beans.factory.support.AbstractBeanFactory.lambda$doGetBean$0(AbstractBeanFactory.java:339) ~[spring-beans-6.2.12.jar:6.2.12]
	at org.springframework.beans.factory.support.DefaultSingletonBeanRegistry.getSingleton(DefaultSingletonBeanRegistry.java:373) ~[spring-beans-6.2.12.jar:6.2.12]
	at org.springframework.beans.factory.support.AbstractBeanFactory.doGetBean(AbstractBeanFactory.java:337) ~[spring-beans-6.2.12.jar:6.2.12]
	at org.springframework.beans.factory.support.AbstractBeanFactory.getBean(AbstractBeanFactory.java:202) ~[spring-beans-6.2.12.jar:6.2.12]
	at org.springframework.beans.factory.support.DefaultListableBeanFactory.instantiateSingleton(DefaultListableBeanFactory.java:1222) ~[spring-beans-6.2.12.jar:6.2.12]
	at org.springframework.beans.factory.support.DefaultListableBeanFactory.preInstantiateSingleton(DefaultListableBeanFactory.java:1194) ~[spring-beans-6.2.12.jar:6.2.12]
	at org.springframework.beans.factory.support.DefaultListableBeanFactory.preInstantiateSingletons(DefaultListableBeanFactory.java:1130) ~[spring-beans-6.2.12.jar:6.2.12]
	at org.springframework.context.support.AbstractApplicationContext.finishBeanFactoryInitialization(AbstractApplicationContext.java:990) ~[spring-context-6.2.12.jar:6.2.12]
	at org.springframework.context.support.AbstractApplicationContext.refresh(AbstractApplicationContext.java:627) ~[spring-context-6.2.12.jar:6.2.12]
	at org.springframework.boot.web.servlet.context.ServletWebServerApplicationContext.refresh(ServletWebServerApplicationContext.java:146) ~[spring-boot-3.5.7.jar:3.5.7]
	at org.springframework.boot.SpringApplication.refresh(SpringApplication.java:752) ~[spring-boot-3.5.7.jar:3.5.7]
	at org.springframework.boot.SpringApplication.refreshContext(SpringApplication.java:439) ~[spring-boot-3.5.7.jar:3.5.7]
	at org.springframework.boot.SpringApplication.run(SpringApplication.java:318) ~[spring-boot-3.5.7.jar:3.5.7]
	at org.springframework.boot.SpringApplication.run(SpringApplication.java:1361) ~[spring-boot-3.5.7.jar:3.5.7]
	at org.springframework.boot.SpringApplication.run(SpringApplication.java:1350) ~[spring-boot-3.5.7.jar:3.5.7]
	at com.lava.lava.LavaApplication.main(LavaApplication.java:13) ~[classes/:na]
Caused by: org.springframework.data.repository.query.QueryCreationException: Could not create query for public abstract java.util.List com.lava.lava.repository.CompanyRepo.findByCompanyStatus(com.lava.lava.enums.CompanyStatus); Reason: Failed to create query for method public abstract java.util.List com.lava.lava.repository.CompanyRepo.findByCompanyStatus(com.lava.lava.enums.CompanyStatus); No property 'companyStatus' found for type 'Company'
	at org.springframework.data.repository.query.QueryCreationException.create(QueryCreationException.java:101) ~[spring-data-commons-3.5.5.jar:3.5.5]
	at org.springframework.data.repository.core.support.QueryExecutorMethodInterceptor.lookupQuery(QueryExecutorMethodInterceptor.java:120) ~[spring-data-commons-3.5.5.jar:3.5.5]
	at org.springframework.data.repository.core.support.QueryExecutorMethodInterceptor.mapMethodsToQuery(QueryExecutorMethodInterceptor.java:104) ~[spring-data-commons-3.5.5.jar:3.5.5]
	at org.springframework.data.repository.core.support.QueryExecutorMethodInterceptor.lambda$new$0(QueryExecutorMethodInterceptor.java:92) ~[spring-data-commons-3.5.5.jar:3.5.5]
	at java.base/java.util.Optional.map(Optional.java:260) ~[na:na]
	at org.springframework.data.repository.core.support.QueryExecutorMethodInterceptor.<init>(QueryExecutorMethodInterceptor.java:92) ~[spring-data-commons-3.5.5.jar:3.5.5]
	at org.springframework.data.repository.core.support.RepositoryFactorySupport.getRepository(RepositoryFactorySupport.java:434) ~[spring-data-commons-3.5.5.jar:3.5.5]
	at org.springframework.data.repository.core.support.RepositoryFactoryBeanSupport.lambda$afterPropertiesSet$4(RepositoryFactoryBeanSupport.java:350) ~[spring-data-commons-3.5.5.jar:3.5.5]
	at org.springframework.data.util.Lazy.getNullable(Lazy.java:135) ~[spring-data-commons-3.5.5.jar:3.5.5]
	at org.springframework.data.util.Lazy.get(Lazy.java:113) ~[spring-data-commons-3.5.5.jar:3.5.5]
	at org.springframework.data.repository.core.support.RepositoryFactoryBeanSupport.afterPropertiesSet(RepositoryFactoryBeanSupport.java:356) ~[spring-data-commons-3.5.5.jar:3.5.5]
	at org.springframework.data.jpa.repository.support.JpaRepositoryFactoryBean.afterPropertiesSet(JpaRepositoryFactoryBean.java:132) ~[spring-data-jpa-3.5.5.jar:3.5.5]
	at org.springframework.beans.factory.support.AbstractAutowireCapableBeanFactory.invokeInitMethods(AbstractAutowireCapableBeanFactory.java:1873) ~[spring-beans-6.2.12.jar:6.2.12]
	at org.springframework.beans.factory.support.AbstractAutowireCapableBeanFactory.initializeBean(AbstractAutowireCapableBeanFactory.java:1822) ~[spring-beans-6.2.12.jar:6.2.12]
	... 18 common frames omitted
Caused by: java.lang.IllegalArgumentException: Failed to create query for method public abstract java.util.List com.lava.lava.repository.CompanyRepo.findByCompanyStatus(com.lava.lava.enums.CompanyStatus); No property 'companyStatus' found for type 'Company'
	at org.springframework.data.jpa.repository.query.PartTreeJpaQuery.<init>(PartTreeJpaQuery.java:107) ~[spring-data-jpa-3.5.5.jar:3.5.5]
	at org.springframework.data.jpa.repository.query.JpaQueryLookupStrategy$CreateQueryLookupStrategy.resolveQuery(JpaQueryLookupStrategy.java:128) ~[spring-data-jpa-3.5.5.jar:3.5.5]
	at org.springframework.data.jpa.repository.query.JpaQueryLookupStrategy$CreateIfNotFoundQueryLookupStrategy.resolveQuery(JpaQueryLookupStrategy.java:260) ~[spring-data-jpa-3.5.5.jar:3.5.5]
	at org.springframework.data.jpa.repository.query.JpaQueryLookupStrategy$AbstractQueryLookupStrategy.resolveQuery(JpaQueryLookupStrategy.java:99) ~[spring-data-jpa-3.5.5.jar:3.5.5]
	at org.springframework.data.repository.core.support.QueryExecutorMethodInterceptor.lookupQuery(QueryExecutorMethodInterceptor.java:116) ~[spring-data-commons-3.5.5.jar:3.5.5]
	... 30 common frames omitted
Caused by: org.springframework.data.mapping.PropertyReferenceException: No property 'companyStatus' found for type 'Company'
	at org.springframework.data.mapping.PropertyPath.<init>(PropertyPath.java:94) ~[spring-data-commons-3.5.5.jar:3.5.5]
	at org.springframework.data.mapping.PropertyPath.create(PropertyPath.java:455) ~[spring-data-commons-3.5.5.jar:3.5.5]
	at org.springframework.data.mapping.PropertyPath.create(PropertyPath.java:431) ~[spring-data-commons-3.5.5.jar:3.5.5]
	at org.springframework.data.mapping.PropertyPath.lambda$from$0(PropertyPath.java:384) ~[spring-data-commons-3.5.5.jar:3.5.5]
	at java.base/java.util.concurrent.ConcurrentMap.computeIfAbsent(ConcurrentMap.java:330) ~[na:na]
	at org.springframework.data.mapping.PropertyPath.from(PropertyPath.java:366) ~[spring-data-commons-3.5.5.jar:3.5.5]
	at org.springframework.data.mapping.PropertyPath.from(PropertyPath.java:344) ~[spring-data-commons-3.5.5.jar:3.5.5]
	at org.springframework.data.repository.query.parser.Part.<init>(Part.java:81) ~[spring-data-commons-3.5.5.jar:3.5.5]
	at org.springframework.data.repository.query.parser.PartTree$OrPart.lambda$new$0(PartTree.java:259) ~[spring-data-commons-3.5.5.jar:3.5.5]
	at java.base/java.util.stream.ReferencePipeline$3$1.accept(ReferencePipeline.java:197) ~[na:na]
	at java.base/java.util.stream.ReferencePipeline$2$1.accept(ReferencePipeline.java:179) ~[na:na]
	at java.base/java.util.Spliterators$ArraySpliterator.forEachRemaining(Spliterators.java:992) ~[na:na]
	at java.base/java.util.stream.AbstractPipeline.copyInto(AbstractPipeline.java:509) ~[na:na]
	at java.base/java.util.stream.AbstractPipeline.wrapAndCopyInto(AbstractPipeline.java:499) ~[na:na]
	at java.base/java.util.stream.ReduceOps$ReduceOp.evaluateSequential(ReduceOps.java:921) ~[na:na]
	at java.base/java.util.stream.AbstractPipeline.evaluate(AbstractPipeline.java:234) ~[na:na]
	at java.base/java.util.stream.ReferencePipeline.collect(ReferencePipeline.java:682) ~[na:na]
	at org.springframework.data.repository.query.parser.PartTree$OrPart.<init>(PartTree.java:260) ~[spring-data-commons-3.5.5.jar:3.5.5]
	at org.springframework.data.repository.query.parser.PartTree$Predicate.lambda$new$0(PartTree.java:389) ~[spring-data-commons-3.5.5.jar:3.5.5]
	at java.base/java.util.stream.ReferencePipeline$3$1.accept(ReferencePipeline.java:197) ~[na:na]
	at java.base/java.util.stream.ReferencePipeline$2$1.accept(ReferencePipeline.java:179) ~[na:na]
	at java.base/java.util.Spliterators$ArraySpliterator.forEachRemaining(Spliterators.java:992) ~[na:na]
	at java.base/java.util.stream.AbstractPipeline.copyInto(AbstractPipeline.java:509) ~[na:na]
	at java.base/java.util.stream.AbstractPipeline.wrapAndCopyInto(AbstractPipeline.java:499) ~[na:na]
	at java.base/java.util.stream.ReduceOps$ReduceOp.evaluateSequential(ReduceOps.java:921) ~[na:na]
	at java.base/java.util.stream.AbstractPipeline.evaluate(AbstractPipeline.java:234) ~[na:na]
	at java.base/java.util.stream.ReferencePipeline.collect(ReferencePipeline.java:682) ~[na:na]
	at org.springframework.data.repository.query.parser.PartTree$Predicate.<init>(PartTree.java:390) ~[spring-data-commons-3.5.5.jar:3.5.5]
	at org.springframework.data.repository.query.parser.PartTree.<init>(PartTree.java:103) ~[spring-data-commons-3.5.5.jar:3.5.5]
	at org.springframework.data.jpa.repository.query.PartTreeJpaQuery.<init>(PartTreeJpaQuery.java:101) ~[spring-data-jpa-3.5.5.jar:3.5.5]
	... 34 common frames omitted

2025-11-11T23:08:35.291+05:30  INFO 53551 --- [lava] [main] com.lava.lava.LavaApplication            : Starting LavaApplication using Java 17.0.16 with PID 53551 (/home/sathsara/Desktop/lava project demo/lava/target/classes started by sathsara in /home/sathsara/Desktop/lava project demo/lava)
2025-11-11T23:08:35.304+05:30  INFO 53551 --- [lava] [main] com.lava.lava.LavaApplication            : No active profile set, falling back to 1 default profile: "default"
2025-11-11T23:08:38.495+05:30  INFO 53551 --- [lava] [main] .s.d.r.c.RepositoryConfigurationDelegate : Bootstrapping Spring Data JPA repositories in DEFAULT mode.
2025-11-11T23:08:38.946+05:30  INFO 53551 --- [lava] [main] .s.d.r.c.RepositoryConfigurationDelegate : Finished Spring Data repository scanning in 415 ms. Found 13 JPA repository interfaces.
2025-11-11T23:08:40.915+05:30  INFO 53551 --- [lava] [main] o.s.b.w.embedded.tomcat.TomcatWebServer  : Tomcat initialized with port 8080 (http)
2025-11-11T23:08:40.960+05:30  INFO 53551 --- [lava] [main] o.apache.catalina.core.StandardService   : Starting service [Tomcat]
2025-11-11T23:08:40.962+05:30  INFO 53551 --- [lava] [main] o.apache.catalina.core.StandardEngine    : Starting Servlet engine: [Apache Tomcat/10.1.48]
2025-11-11T23:08:41.176+05:30  INFO 53551 --- [lava] [main] o.a.c.c.C.[Tomcat].[localhost].[/]       : Initializing Spring embedded WebApplicationContext
2025-11-11T23:08:41.179+05:30  INFO 53551 --- [lava] [main] w.s.c.ServletWebServerApplicationContext : Root WebApplicationContext: initialization completed in 5591 ms
2025-11-11T23:08:41.944+05:30  INFO 53551 --- [lava] [main] o.hibernate.jpa.internal.util.LogHelper  : HHH000204: Processing PersistenceUnitInfo [name: default]
2025-11-11T23:08:42.092+05:30  INFO 53551 --- [lava] [main] org.hibernate.Version                    : HHH000412: Hibernate ORM core version 6.6.33.Final
2025-11-11T23:08:42.234+05:30  INFO 53551 --- [lava] [main] o.h.c.internal.RegionFactoryInitiator    : HHH000026: Second-level cache disabled
2025-11-11T23:08:43.224+05:30  INFO 53551 --- [lava] [main] o.s.o.j.p.SpringPersistenceUnitInfo      : No LoadTimeWeaver setup: ignoring JPA class transformer
2025-11-11T23:08:43.336+05:30  INFO 53551 --- [lava] [main] com.zaxxer.hikari.HikariDataSource       : HikariPool-1 - Starting...
2025-11-11T23:08:43.868+05:30  INFO 53551 --- [lava] [main] com.zaxxer.hikari.pool.HikariPool        : HikariPool-1 - Added connection com.mysql.cj.jdbc.ConnectionImpl@37a67cf
2025-11-11T23:08:43.876+05:30  INFO 53551 --- [lava] [main] com.zaxxer.hikari.HikariDataSource       : HikariPool-1 - Start completed.
2025-11-11T23:08:44.027+05:30  WARN 53551 --- [lava] [main] org.hibernate.orm.deprecation            : HHH90000025: MySQL8Dialect does not need to be specified explicitly using 'hibernate.dialect' (remove the property setting and it will be selected by default)
2025-11-11T23:08:44.031+05:30  WARN 53551 --- [lava] [main] org.hibernate.orm.deprecation            : HHH90000026: MySQL8Dialect has been deprecated; use org.hibernate.dialect.MySQLDialect instead
2025-11-11T23:08:44.200+05:30  INFO 53551 --- [lava] [main] org.hibernate.orm.connections.pooling    : HHH10001005: Database info:
	Database JDBC URL [Connecting through datasource 'HikariDataSource (HikariPool-1)']
	Database driver: undefined/unknown
	Database version: 8.0
	Autocommit mode: undefined/unknown
	Isolation level: undefined/unknown
	Minimum pool size: undefined/unknown
	Maximum pool size: undefined/unknown
2025-11-11T23:08:48.945+05:30  INFO 53551 --- [lava] [main] o.h.e.t.j.p.i.JtaPlatformInitiator       : HHH000489: No JTA platform available (set 'hibernate.transaction.jta.platform' to enable JTA platform integration)
2025-11-11T23:08:49.629+05:30  INFO 53551 --- [lava] [main] j.LocalContainerEntityManagerFactoryBean : Initialized JPA EntityManagerFactory for persistence unit 'default'
2025-11-11T23:08:49.746+05:30  WARN 53551 --- [lava] [main] JpaBaseConfiguration$JpaWebConfiguration : spring.jpa.open-in-view is enabled by default. Therefore, database queries may be performed during view rendering. Explicitly configure spring.jpa.open-in-view to disable this warning
2025-11-11T23:08:51.736+05:30  WARN 53551 --- [lava] [main] ConfigServletWebServerApplicationContext : Exception encountered during context initialization - cancelling refresh attempt: org.springframework.beans.factory.BeanCreationException: Error creating bean with name 'employeeRepo' defined in com.lava.lava.repository.EmployeeRepo defined in @EnableJpaRepositories declared on JpaRepositoriesRegistrar.EnableJpaRepositoriesConfiguration: Could not create query for public abstract java.util.List com.lava.lava.repository.EmployeeRepo.findByDepartment(java.lang.Long); Reason: Failed to create query for method public abstract java.util.List com.lava.lava.repository.EmployeeRepo.findByDepartment(java.lang.Long); Cannot compare left expression of type 'com.lava.lava.entity.Department' with right expression of type 'java.lang.Long'
2025-11-11T23:08:51.739+05:30  INFO 53551 --- [lava] [main] j.LocalContainerEntityManagerFactoryBean : Closing JPA EntityManagerFactory for persistence unit 'default'
2025-11-11T23:08:51.748+05:30  INFO 53551 --- [lava] [main] com.zaxxer.hikari.HikariDataSource       : HikariPool-1 - Shutdown initiated...
2025-11-11T23:08:51.782+05:30  INFO 53551 --- [lava] [main] com.zaxxer.hikari.HikariDataSource       : HikariPool-1 - Shutdown completed.
2025-11-11T23:08:51.796+05:30  INFO 53551 --- [lava] [main] o.apache.catalina.core.StandardService   : Stopping service [Tomcat]
2025-11-11T23:08:51.843+05:30  INFO 53551 --- [lava] [main] .s.b.a.l.ConditionEvaluationReportLogger : 

Error starting ApplicationContext. To display the condition evaluation report re-run your application with 'debug' enabled.
2025-11-11T23:08:51.896+05:30 ERROR 53551 --- [lava] [main] o.s.boot.SpringApplication               : Application run failed

org.springframework.beans.factory.BeanCreationException: Error creating bean with name 'employeeRepo' defined in com.lava.lava.repository.EmployeeRepo defined in @EnableJpaRepositories declared on JpaRepositoriesRegistrar.EnableJpaRepositoriesConfiguration: Could not create query for public abstract java.util.List com.lava.lava.repository.EmployeeRepo.findByDepartment(java.lang.Long); Reason: Failed to create query for method public abstract java.util.List com.lava.lava.repository.EmployeeRepo.findByDepartment(java.lang.Long); Cannot compare left expression of type 'com.lava.lava.entity.Department' with right expression of type 'java.lang.Long'
	at org.springframework.beans.factory.support.AbstractAutowireCapableBeanFactory.initializeBean(AbstractAutowireCapableBeanFactory.java:1826) ~[spring-beans-6.2.12.jar:6.2.12]
	at org.springframework.beans.factory.support.AbstractAutowireCapableBeanFactory.doCreateBean(AbstractAutowireCapableBeanFactory.java:607) ~[spring-beans-6.2.12.jar:6.2.12]
	at org.springframework.beans.factory.support.AbstractAutowireCapableBeanFactory.createBean(AbstractAutowireCapableBeanFactory.java:529) ~[spring-beans-6.2.12.jar:6.2.12]
	at org.springframework.beans.factory.support.AbstractBeanFactory.lambda$doGetBean$0(AbstractBeanFactory.java:339) ~[spring-beans-6.2.12.jar:6.2.12]
	at org.springframework.beans.factory.support.DefaultSingletonBeanRegistry.getSingleton(DefaultSingletonBeanRegistry.java:373) ~[spring-beans-6.2.12.jar:6.2.12]
	at org.springframework.beans.factory.support.AbstractBeanFactory.doGetBean(AbstractBeanFactory.java:337) ~[spring-beans-6.2.12.jar:6.2.12]
	at org.springframework.beans.factory.support.AbstractBeanFactory.getBean(AbstractBeanFactory.java:202) ~[spring-beans-6.2.12.jar:6.2.12]
	at org.springframework.beans.factory.support.DefaultListableBeanFactory.instantiateSingleton(DefaultListableBeanFactory.java:1222) ~[spring-beans-6.2.12.jar:6.2.12]
	at org.springframework.beans.factory.support.DefaultListableBeanFactory.preInstantiateSingleton(DefaultListableBeanFactory.java:1194) ~[spring-beans-6.2.12.jar:6.2.12]
	at org.springframework.beans.factory.support.DefaultListableBeanFactory.preInstantiateSingletons(DefaultListableBeanFactory.java:1130) ~[spring-beans-6.2.12.jar:6.2.12]
	at org.springframework.context.support.AbstractApplicationContext.finishBeanFactoryInitialization(AbstractApplicationContext.java:990) ~[spring-context-6.2.12.jar:6.2.12]
	at org.springframework.context.support.AbstractApplicationContext.refresh(AbstractApplicationContext.java:627) ~[spring-context-6.2.12.jar:6.2.12]
	at org.springframework.boot.web.servlet.context.ServletWebServerApplicationContext.refresh(ServletWebServerApplicationContext.java:146) ~[spring-boot-3.5.7.jar:3.5.7]
	at org.springframework.boot.SpringApplication.refresh(SpringApplication.java:752) ~[spring-boot-3.5.7.jar:3.5.7]
	at org.springframework.boot.SpringApplication.refreshContext(SpringApplication.java:439) ~[spring-boot-3.5.7.jar:3.5.7]
	at org.springframework.boot.SpringApplication.run(SpringApplication.java:318) ~[spring-boot-3.5.7.jar:3.5.7]
	at org.springframework.boot.SpringApplication.run(SpringApplication.java:1361) ~[spring-boot-3.5.7.jar:3.5.7]
	at org.springframework.boot.SpringApplication.run(SpringApplication.java:1350) ~[spring-boot-3.5.7.jar:3.5.7]
	at com.lava.lava.LavaApplication.main(LavaApplication.java:13) ~[classes/:na]
Caused by: org.springframework.data.repository.query.QueryCreationException: Could not create query for public abstract java.util.List com.lava.lava.repository.EmployeeRepo.findByDepartment(java.lang.Long); Reason: Failed to create query for method public abstract java.util.List com.lava.lava.repository.EmployeeRepo.findByDepartment(java.lang.Long); Cannot compare left expression of type 'com.lava.lava.entity.Department' with right expression of type 'java.lang.Long'
	at org.springframework.data.repository.query.QueryCreationException.create(QueryCreationException.java:101) ~[spring-data-commons-3.5.5.jar:3.5.5]
	at org.springframework.data.repository.core.support.QueryExecutorMethodInterceptor.lookupQuery(QueryExecutorMethodInterceptor.java:120) ~[spring-data-commons-3.5.5.jar:3.5.5]
	at org.springframework.data.repository.core.support.QueryExecutorMethodInterceptor.mapMethodsToQuery(QueryExecutorMethodInterceptor.java:104) ~[spring-data-commons-3.5.5.jar:3.5.5]
	at org.springframework.data.repository.core.support.QueryExecutorMethodInterceptor.lambda$new$0(QueryExecutorMethodInterceptor.java:92) ~[spring-data-commons-3.5.5.jar:3.5.5]
	at java.base/java.util.Optional.map(Optional.java:260) ~[na:na]
	at org.springframework.data.repository.core.support.QueryExecutorMethodInterceptor.<init>(QueryExecutorMethodInterceptor.java:92) ~[spring-data-commons-3.5.5.jar:3.5.5]
	at org.springframework.data.repository.core.support.RepositoryFactorySupport.getRepository(RepositoryFactorySupport.java:434) ~[spring-data-commons-3.5.5.jar:3.5.5]
	at org.springframework.data.repository.core.support.RepositoryFactoryBeanSupport.lambda$afterPropertiesSet$4(RepositoryFactoryBeanSupport.java:350) ~[spring-data-commons-3.5.5.jar:3.5.5]
	at org.springframework.data.util.Lazy.getNullable(Lazy.java:135) ~[spring-data-commons-3.5.5.jar:3.5.5]
	at org.springframework.data.util.Lazy.get(Lazy.java:113) ~[spring-data-commons-3.5.5.jar:3.5.5]
	at org.springframework.data.repository.core.support.RepositoryFactoryBeanSupport.afterPropertiesSet(RepositoryFactoryBeanSupport.java:356) ~[spring-data-commons-3.5.5.jar:3.5.5]
	at org.springframework.data.jpa.repository.support.JpaRepositoryFactoryBean.afterPropertiesSet(JpaRepositoryFactoryBean.java:132) ~[spring-data-jpa-3.5.5.jar:3.5.5]
	at org.springframework.beans.factory.support.AbstractAutowireCapableBeanFactory.invokeInitMethods(AbstractAutowireCapableBeanFactory.java:1873) ~[spring-beans-6.2.12.jar:6.2.12]
	at org.springframework.beans.factory.support.AbstractAutowireCapableBeanFactory.initializeBean(AbstractAutowireCapableBeanFactory.java:1822) ~[spring-beans-6.2.12.jar:6.2.12]
	... 18 common frames omitted
Caused by: java.lang.IllegalArgumentException: Failed to create query for method public abstract java.util.List com.lava.lava.repository.EmployeeRepo.findByDepartment(java.lang.Long); Cannot compare left expression of type 'com.lava.lava.entity.Department' with right expression of type 'java.lang.Long'
	at org.springframework.data.jpa.repository.query.PartTreeJpaQuery.<init>(PartTreeJpaQuery.java:107) ~[spring-data-jpa-3.5.5.jar:3.5.5]
	at org.springframework.data.jpa.repository.query.JpaQueryLookupStrategy$CreateQueryLookupStrategy.resolveQuery(JpaQueryLookupStrategy.java:128) ~[spring-data-jpa-3.5.5.jar:3.5.5]
	at org.springframework.data.jpa.repository.query.JpaQueryLookupStrategy$CreateIfNotFoundQueryLookupStrategy.resolveQuery(JpaQueryLookupStrategy.java:260) ~[spring-data-jpa-3.5.5.jar:3.5.5]
	at org.springframework.data.jpa.repository.query.JpaQueryLookupStrategy$AbstractQueryLookupStrategy.resolveQuery(JpaQueryLookupStrategy.java:99) ~[spring-data-jpa-3.5.5.jar:3.5.5]
	at org.springframework.data.repository.core.support.QueryExecutorMethodInterceptor.lookupQuery(QueryExecutorMethodInterceptor.java:116) ~[spring-data-commons-3.5.5.jar:3.5.5]
	... 30 common frames omitted
Caused by: org.hibernate.query.SemanticException: Cannot compare left expression of type 'com.lava.lava.entity.Department' with right expression of type 'java.lang.Long'
	at org.hibernate.query.sqm.internal.TypecheckUtil.assertComparable(TypecheckUtil.java:406) ~[hibernate-core-6.6.33.Final.jar:6.6.33.Final]
	at org.hibernate.query.sqm.tree.predicate.SqmComparisonPredicate.<init>(SqmComparisonPredicate.java:46) ~[hibernate-core-6.6.33.Final.jar:6.6.33.Final]
	at org.hibernate.query.sqm.tree.predicate.SqmComparisonPredicate.<init>(SqmComparisonPredicate.java:32) ~[hibernate-core-6.6.33.Final.jar:6.6.33.Final]
	at org.hibernate.query.sqm.internal.SqmCriteriaNodeBuilder.equal(SqmCriteriaNodeBuilder.java:2158) ~[hibernate-core-6.6.33.Final.jar:6.6.33.Final]
	at org.hibernate.query.sqm.internal.SqmCriteriaNodeBuilder.equal(SqmCriteriaNodeBuilder.java:192) ~[hibernate-core-6.6.33.Final.jar:6.6.33.Final]
	at org.springframework.data.jpa.repository.query.JpaQueryCreator$PredicateBuilder.build(JpaQueryCreator.java:319) ~[spring-data-jpa-3.5.5.jar:3.5.5]
	at org.springframework.data.jpa.repository.query.JpaQueryCreator.toPredicate(JpaQueryCreator.java:211) ~[spring-data-jpa-3.5.5.jar:3.5.5]
	at org.springframework.data.jpa.repository.query.JpaQueryCreator.create(JpaQueryCreator.java:122) ~[spring-data-jpa-3.5.5.jar:3.5.5]
	at org.springframework.data.jpa.repository.query.JpaQueryCreator.create(JpaQueryCreator.java:1) ~[spring-data-jpa-3.5.5.jar:3.5.5]
	at org.springframework.data.repository.query.parser.AbstractQueryCreator.createCriteria(AbstractQueryCreator.java:119) ~[spring-data-commons-3.5.5.jar:3.5.5]
	at org.springframework.data.repository.query.parser.AbstractQueryCreator.createQuery(AbstractQueryCreator.java:95) ~[spring-data-commons-3.5.5.jar:3.5.5]
	at org.springframework.data.repository.query.parser.AbstractQueryCreator.createQuery(AbstractQueryCreator.java:81) ~[spring-data-commons-3.5.5.jar:3.5.5]
	at org.springframework.data.jpa.repository.query.PartTreeJpaQuery$QueryPreparer.<init>(PartTreeJpaQuery.java:224) ~[spring-data-jpa-3.5.5.jar:3.5.5]
	at org.springframework.data.jpa.repository.query.PartTreeJpaQuery$CountQueryPreparer.<init>(PartTreeJpaQuery.java:370) ~[spring-data-jpa-3.5.5.jar:3.5.5]
	at org.springframework.data.jpa.repository.query.PartTreeJpaQuery.<init>(PartTreeJpaQuery.java:103) ~[spring-data-jpa-3.5.5.jar:3.5.5]
	... 34 common frames omitted

2025-11-11T23:10:41.291+05:30  INFO 53730 --- [lava] [main] com.lava.lava.LavaApplication            : Starting LavaApplication using Java 17.0.16 with PID 53730 (/home/sathsara/Desktop/lava project demo/lava/target/classes started by sathsara in /home/sathsara/Desktop/lava project demo/lava)
2025-11-11T23:10:41.310+05:30  INFO 53730 --- [lava] [main] com.lava.lava.LavaApplication            : No active profile set, falling back to 1 default profile: "default"
2025-11-11T23:10:44.448+05:30  INFO 53730 --- [lava] [main] .s.d.r.c.RepositoryConfigurationDelegate : Bootstrapping Spring Data JPA repositories in DEFAULT mode.
2025-11-11T23:10:44.787+05:30  INFO 53730 --- [lava] [main] .s.d.r.c.RepositoryConfigurationDelegate : Finished Spring Data repository scanning in 304 ms. Found 13 JPA repository interfaces.
2025-11-11T23:10:47.177+05:30  INFO 53730 --- [lava] [main] o.s.b.w.embedded.tomcat.TomcatWebServer  : Tomcat initialized with port 8080 (http)
2025-11-11T23:10:47.217+05:30  INFO 53730 --- [lava] [main] o.apache.catalina.core.StandardService   : Starting service [Tomcat]
2025-11-11T23:10:47.219+05:30  INFO 53730 --- [lava] [main] o.apache.catalina.core.StandardEngine    : Starting Servlet engine: [Apache Tomcat/10.1.48]
2025-11-11T23:10:47.411+05:30  INFO 53730 --- [lava] [main] o.a.c.c.C.[Tomcat].[localhost].[/]       : Initializing Spring embedded WebApplicationContext
2025-11-11T23:10:47.418+05:30  INFO 53730 --- [lava] [main] w.s.c.ServletWebServerApplicationContext : Root WebApplicationContext: initialization completed in 5805 ms
2025-11-11T23:10:48.156+05:30  INFO 53730 --- [lava] [main] o.hibernate.jpa.internal.util.LogHelper  : HHH000204: Processing PersistenceUnitInfo [name: default]
2025-11-11T23:10:48.397+05:30  INFO 53730 --- [lava] [main] org.hibernate.Version                    : HHH000412: Hibernate ORM core version 6.6.33.Final
2025-11-11T23:10:48.529+05:30  INFO 53730 --- [lava] [main] o.h.c.internal.RegionFactoryInitiator    : HHH000026: Second-level cache disabled
2025-11-11T23:10:49.628+05:30  INFO 53730 --- [lava] [main] o.s.o.j.p.SpringPersistenceUnitInfo      : No LoadTimeWeaver setup: ignoring JPA class transformer
2025-11-11T23:10:49.743+05:30  INFO 53730 --- [lava] [main] com.zaxxer.hikari.HikariDataSource       : HikariPool-1 - Starting...
2025-11-11T23:10:50.297+05:30  INFO 53730 --- [lava] [main] com.zaxxer.hikari.pool.HikariPool        : HikariPool-1 - Added connection com.mysql.cj.jdbc.ConnectionImpl@236861da
2025-11-11T23:10:50.305+05:30  INFO 53730 --- [lava] [main] com.zaxxer.hikari.HikariDataSource       : HikariPool-1 - Start completed.
2025-11-11T23:10:50.515+05:30  WARN 53730 --- [lava] [main] org.hibernate.orm.deprecation            : HHH90000025: MySQL8Dialect does not need to be specified explicitly using 'hibernate.dialect' (remove the property setting and it will be selected by default)
2025-11-11T23:10:50.523+05:30  WARN 53730 --- [lava] [main] org.hibernate.orm.deprecation            : HHH90000026: MySQL8Dialect has been deprecated; use org.hibernate.dialect.MySQLDialect instead
2025-11-11T23:10:50.644+05:30  INFO 53730 --- [lava] [main] org.hibernate.orm.connections.pooling    : HHH10001005: Database info:
	Database JDBC URL [Connecting through datasource 'HikariDataSource (HikariPool-1)']
	Database driver: undefined/unknown
	Database version: 8.0
	Autocommit mode: undefined/unknown
	Isolation level: undefined/unknown
	Minimum pool size: undefined/unknown
	Maximum pool size: undefined/unknown
2025-11-11T23:10:55.116+05:30  INFO 53730 --- [lava] [main] o.h.e.t.j.p.i.JtaPlatformInitiator       : HHH000489: No JTA platform available (set 'hibernate.transaction.jta.platform' to enable JTA platform integration)
2025-11-11T23:10:55.778+05:30  INFO 53730 --- [lava] [main] j.LocalContainerEntityManagerFactoryBean : Initialized JPA EntityManagerFactory for persistence unit 'default'
2025-11-11T23:10:55.904+05:30  WARN 53730 --- [lava] [main] JpaBaseConfiguration$JpaWebConfiguration : spring.jpa.open-in-view is enabled by default. Therefore, database queries may be performed during view rendering. Explicitly configure spring.jpa.open-in-view to disable this warning
2025-11-11T23:10:58.080+05:30  WARN 53730 --- [lava] [main] ConfigServletWebServerApplicationContext : Exception encountered during context initialization - cancelling refresh attempt: org.springframework.beans.factory.BeanCreationException: Error creating bean with name 'deductionRepo' defined in com.lava.lava.repository.DeductionRepo defined in @EnableJpaRepositories declared on JpaRepositoriesRegistrar.EnableJpaRepositoriesConfiguration: Could not create query for public abstract java.util.List com.lava.lava.repository.DeductionRepo.findByCompany(com.lava.lava.entity.Employee); Reason: Failed to create query for method public abstract java.util.List com.lava.lava.repository.DeductionRepo.findByCompany(com.lava.lava.entity.Employee); No property 'company' found for type 'Deduction'
2025-11-11T23:10:58.083+05:30  INFO 53730 --- [lava] [main] j.LocalContainerEntityManagerFactoryBean : Closing JPA EntityManagerFactory for persistence unit 'default'
2025-11-11T23:10:58.091+05:30  INFO 53730 --- [lava] [main] com.zaxxer.hikari.HikariDataSource       : HikariPool-1 - Shutdown initiated...
2025-11-11T23:10:58.128+05:30  INFO 53730 --- [lava] [main] com.zaxxer.hikari.HikariDataSource       : HikariPool-1 - Shutdown completed.
2025-11-11T23:10:58.137+05:30  INFO 53730 --- [lava] [main] o.apache.catalina.core.StandardService   : Stopping service [Tomcat]
2025-11-11T23:10:58.185+05:30  INFO 53730 --- [lava] [main] .s.b.a.l.ConditionEvaluationReportLogger : 

Error starting ApplicationContext. To display the condition evaluation report re-run your application with 'debug' enabled.
2025-11-11T23:10:58.246+05:30 ERROR 53730 --- [lava] [main] o.s.boot.SpringApplication               : Application run failed

org.springframework.beans.factory.BeanCreationException: Error creating bean with name 'deductionRepo' defined in com.lava.lava.repository.DeductionRepo defined in @EnableJpaRepositories declared on JpaRepositoriesRegistrar.EnableJpaRepositoriesConfiguration: Could not create query for public abstract java.util.List com.lava.lava.repository.DeductionRepo.findByCompany(com.lava.lava.entity.Employee); Reason: Failed to create query for method public abstract java.util.List com.lava.lava.repository.DeductionRepo.findByCompany(com.lava.lava.entity.Employee); No property 'company' found for type 'Deduction'
	at org.springframework.beans.factory.support.AbstractAutowireCapableBeanFactory.initializeBean(AbstractAutowireCapableBeanFactory.java:1826) ~[spring-beans-6.2.12.jar:6.2.12]
	at org.springframework.beans.factory.support.AbstractAutowireCapableBeanFactory.doCreateBean(AbstractAutowireCapableBeanFactory.java:607) ~[spring-beans-6.2.12.jar:6.2.12]
	at org.springframework.beans.factory.support.AbstractAutowireCapableBeanFactory.createBean(AbstractAutowireCapableBeanFactory.java:529) ~[spring-beans-6.2.12.jar:6.2.12]
	at org.springframework.beans.factory.support.AbstractBeanFactory.lambda$doGetBean$0(AbstractBeanFactory.java:339) ~[spring-beans-6.2.12.jar:6.2.12]
	at org.springframework.beans.factory.support.DefaultSingletonBeanRegistry.getSingleton(DefaultSingletonBeanRegistry.java:373) ~[spring-beans-6.2.12.jar:6.2.12]
	at org.springframework.beans.factory.support.AbstractBeanFactory.doGetBean(AbstractBeanFactory.java:337) ~[spring-beans-6.2.12.jar:6.2.12]
	at org.springframework.beans.factory.support.AbstractBeanFactory.getBean(AbstractBeanFactory.java:202) ~[spring-beans-6.2.12.jar:6.2.12]
	at org.springframework.beans.factory.support.DefaultListableBeanFactory.instantiateSingleton(DefaultListableBeanFactory.java:1222) ~[spring-beans-6.2.12.jar:6.2.12]
	at org.springframework.beans.factory.support.DefaultListableBeanFactory.preInstantiateSingleton(DefaultListableBeanFactory.java:1194) ~[spring-beans-6.2.12.jar:6.2.12]
	at org.springframework.beans.factory.support.DefaultListableBeanFactory.preInstantiateSingletons(DefaultListableBeanFactory.java:1130) ~[spring-beans-6.2.12.jar:6.2.12]
	at org.springframework.context.support.AbstractApplicationContext.finishBeanFactoryInitialization(AbstractApplicationContext.java:990) ~[spring-context-6.2.12.jar:6.2.12]
	at org.springframework.context.support.AbstractApplicationContext.refresh(AbstractApplicationContext.java:627) ~[spring-context-6.2.12.jar:6.2.12]
	at org.springframework.boot.web.servlet.context.ServletWebServerApplicationContext.refresh(ServletWebServerApplicationContext.java:146) ~[spring-boot-3.5.7.jar:3.5.7]
	at org.springframework.boot.SpringApplication.refresh(SpringApplication.java:752) ~[spring-boot-3.5.7.jar:3.5.7]
	at org.springframework.boot.SpringApplication.refreshContext(SpringApplication.java:439) ~[spring-boot-3.5.7.jar:3.5.7]
	at org.springframework.boot.SpringApplication.run(SpringApplication.java:318) ~[spring-boot-3.5.7.jar:3.5.7]
	at org.springframework.boot.SpringApplication.run(SpringApplication.java:1361) ~[spring-boot-3.5.7.jar:3.5.7]
	at org.springframework.boot.SpringApplication.run(SpringApplication.java:1350) ~[spring-boot-3.5.7.jar:3.5.7]
	at com.lava.lava.LavaApplication.main(LavaApplication.java:13) ~[classes/:na]
Caused by: org.springframework.data.repository.query.QueryCreationException: Could not create query for public abstract java.util.List com.lava.lava.repository.DeductionRepo.findByCompany(com.lava.lava.entity.Employee); Reason: Failed to create query for method public abstract java.util.List com.lava.lava.repository.DeductionRepo.findByCompany(com.lava.lava.entity.Employee); No property 'company' found for type 'Deduction'
	at org.springframework.data.repository.query.QueryCreationException.create(QueryCreationException.java:101) ~[spring-data-commons-3.5.5.jar:3.5.5]
	at org.springframework.data.repository.core.support.QueryExecutorMethodInterceptor.lookupQuery(QueryExecutorMethodInterceptor.java:120) ~[spring-data-commons-3.5.5.jar:3.5.5]
	at org.springframework.data.repository.core.support.QueryExecutorMethodInterceptor.mapMethodsToQuery(QueryExecutorMethodInterceptor.java:104) ~[spring-data-commons-3.5.5.jar:3.5.5]
	at org.springframework.data.repository.core.support.QueryExecutorMethodInterceptor.lambda$new$0(QueryExecutorMethodInterceptor.java:92) ~[spring-data-commons-3.5.5.jar:3.5.5]
	at java.base/java.util.Optional.map(Optional.java:260) ~[na:na]
	at org.springframework.data.repository.core.support.QueryExecutorMethodInterceptor.<init>(QueryExecutorMethodInterceptor.java:92) ~[spring-data-commons-3.5.5.jar:3.5.5]
	at org.springframework.data.repository.core.support.RepositoryFactorySupport.getRepository(RepositoryFactorySupport.java:434) ~[spring-data-commons-3.5.5.jar:3.5.5]
	at org.springframework.data.repository.core.support.RepositoryFactoryBeanSupport.lambda$afterPropertiesSet$4(RepositoryFactoryBeanSupport.java:350) ~[spring-data-commons-3.5.5.jar:3.5.5]
	at org.springframework.data.util.Lazy.getNullable(Lazy.java:135) ~[spring-data-commons-3.5.5.jar:3.5.5]
	at org.springframework.data.util.Lazy.get(Lazy.java:113) ~[spring-data-commons-3.5.5.jar:3.5.5]
	at org.springframework.data.repository.core.support.RepositoryFactoryBeanSupport.afterPropertiesSet(RepositoryFactoryBeanSupport.java:356) ~[spring-data-commons-3.5.5.jar:3.5.5]
	at org.springframework.data.jpa.repository.support.JpaRepositoryFactoryBean.afterPropertiesSet(JpaRepositoryFactoryBean.java:132) ~[spring-data-jpa-3.5.5.jar:3.5.5]
	at org.springframework.beans.factory.support.AbstractAutowireCapableBeanFactory.invokeInitMethods(AbstractAutowireCapableBeanFactory.java:1873) ~[spring-beans-6.2.12.jar:6.2.12]
	at org.springframework.beans.factory.support.AbstractAutowireCapableBeanFactory.initializeBean(AbstractAutowireCapableBeanFactory.java:1822) ~[spring-beans-6.2.12.jar:6.2.12]
	... 18 common frames omitted
Caused by: java.lang.IllegalArgumentException: Failed to create query for method public abstract java.util.List com.lava.lava.repository.DeductionRepo.findByCompany(com.lava.lava.entity.Employee); No property 'company' found for type 'Deduction'
	at org.springframework.data.jpa.repository.query.PartTreeJpaQuery.<init>(PartTreeJpaQuery.java:107) ~[spring-data-jpa-3.5.5.jar:3.5.5]
	at org.springframework.data.jpa.repository.query.JpaQueryLookupStrategy$CreateQueryLookupStrategy.resolveQuery(JpaQueryLookupStrategy.java:128) ~[spring-data-jpa-3.5.5.jar:3.5.5]
	at org.springframework.data.jpa.repository.query.JpaQueryLookupStrategy$CreateIfNotFoundQueryLookupStrategy.resolveQuery(JpaQueryLookupStrategy.java:260) ~[spring-data-jpa-3.5.5.jar:3.5.5]
	at org.springframework.data.jpa.repository.query.JpaQueryLookupStrategy$AbstractQueryLookupStrategy.resolveQuery(JpaQueryLookupStrategy.java:99) ~[spring-data-jpa-3.5.5.jar:3.5.5]
	at org.springframework.data.repository.core.support.QueryExecutorMethodInterceptor.lookupQuery(QueryExecutorMethodInterceptor.java:116) ~[spring-data-commons-3.5.5.jar:3.5.5]
	... 30 common frames omitted
Caused by: org.springframework.data.mapping.PropertyReferenceException: No property 'company' found for type 'Deduction'
	at org.springframework.data.mapping.PropertyPath.<init>(PropertyPath.java:94) ~[spring-data-commons-3.5.5.jar:3.5.5]
	at org.springframework.data.mapping.PropertyPath.create(PropertyPath.java:455) ~[spring-data-commons-3.5.5.jar:3.5.5]
	at org.springframework.data.mapping.PropertyPath.create(PropertyPath.java:431) ~[spring-data-commons-3.5.5.jar:3.5.5]
	at org.springframework.data.mapping.PropertyPath.lambda$from$0(PropertyPath.java:384) ~[spring-data-commons-3.5.5.jar:3.5.5]
	at java.base/java.util.concurrent.ConcurrentMap.computeIfAbsent(ConcurrentMap.java:330) ~[na:na]
	at org.springframework.data.mapping.PropertyPath.from(PropertyPath.java:366) ~[spring-data-commons-3.5.5.jar:3.5.5]
	at org.springframework.data.mapping.PropertyPath.from(PropertyPath.java:344) ~[spring-data-commons-3.5.5.jar:3.5.5]
	at org.springframework.data.repository.query.parser.Part.<init>(Part.java:81) ~[spring-data-commons-3.5.5.jar:3.5.5]
	at org.springframework.data.repository.query.parser.PartTree$OrPart.lambda$new$0(PartTree.java:259) ~[spring-data-commons-3.5.5.jar:3.5.5]
	at java.base/java.util.stream.ReferencePipeline$3$1.accept(ReferencePipeline.java:197) ~[na:na]
	at java.base/java.util.stream.ReferencePipeline$2$1.accept(ReferencePipeline.java:179) ~[na:na]
	at java.base/java.util.Spliterators$ArraySpliterator.forEachRemaining(Spliterators.java:992) ~[na:na]
	at java.base/java.util.stream.AbstractPipeline.copyInto(AbstractPipeline.java:509) ~[na:na]
	at java.base/java.util.stream.AbstractPipeline.wrapAndCopyInto(AbstractPipeline.java:499) ~[na:na]
	at java.base/java.util.stream.ReduceOps$ReduceOp.evaluateSequential(ReduceOps.java:921) ~[na:na]
	at java.base/java.util.stream.AbstractPipeline.evaluate(AbstractPipeline.java:234) ~[na:na]
	at java.base/java.util.stream.ReferencePipeline.collect(ReferencePipeline.java:682) ~[na:na]
	at org.springframework.data.repository.query.parser.PartTree$OrPart.<init>(PartTree.java:260) ~[spring-data-commons-3.5.5.jar:3.5.5]
	at org.springframework.data.repository.query.parser.PartTree$Predicate.lambda$new$0(PartTree.java:389) ~[spring-data-commons-3.5.5.jar:3.5.5]
	at java.base/java.util.stream.ReferencePipeline$3$1.accept(ReferencePipeline.java:197) ~[na:na]
	at java.base/java.util.stream.ReferencePipeline$2$1.accept(ReferencePipeline.java:179) ~[na:na]
	at java.base/java.util.Spliterators$ArraySpliterator.forEachRemaining(Spliterators.java:992) ~[na:na]
	at java.base/java.util.stream.AbstractPipeline.copyInto(AbstractPipeline.java:509) ~[na:na]
	at java.base/java.util.stream.AbstractPipeline.wrapAndCopyInto(AbstractPipeline.java:499) ~[na:na]
	at java.base/java.util.stream.ReduceOps$ReduceOp.evaluateSequential(ReduceOps.java:921) ~[na:na]
	at java.base/java.util.stream.AbstractPipeline.evaluate(AbstractPipeline.java:234) ~[na:na]
	at java.base/java.util.stream.ReferencePipeline.collect(ReferencePipeline.java:682) ~[na:na]
	at org.springframework.data.repository.query.parser.PartTree$Predicate.<init>(PartTree.java:390) ~[spring-data-commons-3.5.5.jar:3.5.5]
	at org.springframework.data.repository.query.parser.PartTree.<init>(PartTree.java:103) ~[spring-data-commons-3.5.5.jar:3.5.5]
	at org.springframework.data.jpa.repository.query.PartTreeJpaQuery.<init>(PartTreeJpaQuery.java:101) ~[spring-data-jpa-3.5.5.jar:3.5.5]
	... 34 common frames omitted

2025-11-11T23:12:34.177+05:30  INFO 53866 --- [lava] [main] com.lava.lava.LavaApplication            : Starting LavaApplication using Java 17.0.16 with PID 53866 (/home/sathsara/Desktop/lava project demo/lava/target/classes started by sathsara in /home/sathsara/Desktop/lava project demo/lava)
2025-11-11T23:12:34.190+05:30  INFO 53866 --- [lava] [main] com.lava.lava.LavaApplication            : No active profile set, falling back to 1 default profile: "default"
2025-11-11T23:12:37.583+05:30  INFO 53866 --- [lava] [main] .s.d.r.c.RepositoryConfigurationDelegate : Bootstrapping Spring Data JPA repositories in DEFAULT mode.
2025-11-11T23:12:38.007+05:30  INFO 53866 --- [lava] [main] .s.d.r.c.RepositoryConfigurationDelegate : Finished Spring Data repository scanning in 392 ms. Found 13 JPA repository interfaces.
2025-11-11T23:12:40.108+05:30  INFO 53866 --- [lava] [main] o.s.b.w.embedded.tomcat.TomcatWebServer  : Tomcat initialized with port 8080 (http)
2025-11-11T23:12:40.149+05:30  INFO 53866 --- [lava] [main] o.apache.catalina.core.StandardService   : Starting service [Tomcat]
2025-11-11T23:12:40.150+05:30  INFO 53866 --- [lava] [main] o.apache.catalina.core.StandardEngine    : Starting Servlet engine: [Apache Tomcat/10.1.48]
2025-11-11T23:12:40.380+05:30  INFO 53866 --- [lava] [main] o.a.c.c.C.[Tomcat].[localhost].[/]       : Initializing Spring embedded WebApplicationContext
2025-11-11T23:12:40.383+05:30  INFO 53866 --- [lava] [main] w.s.c.ServletWebServerApplicationContext : Root WebApplicationContext: initialization completed in 5899 ms
2025-11-11T23:12:41.004+05:30  INFO 53866 --- [lava] [main] o.hibernate.jpa.internal.util.LogHelper  : HHH000204: Processing PersistenceUnitInfo [name: default]
2025-11-11T23:12:41.164+05:30  INFO 53866 --- [lava] [main] org.hibernate.Version                    : HHH000412: Hibernate ORM core version 6.6.33.Final
2025-11-11T23:12:41.291+05:30  INFO 53866 --- [lava] [main] o.h.c.internal.RegionFactoryInitiator    : HHH000026: Second-level cache disabled
2025-11-11T23:12:42.212+05:30  INFO 53866 --- [lava] [main] o.s.o.j.p.SpringPersistenceUnitInfo      : No LoadTimeWeaver setup: ignoring JPA class transformer
2025-11-11T23:12:42.306+05:30  INFO 53866 --- [lava] [main] com.zaxxer.hikari.HikariDataSource       : HikariPool-1 - Starting...
2025-11-11T23:12:42.891+05:30  INFO 53866 --- [lava] [main] com.zaxxer.hikari.pool.HikariPool        : HikariPool-1 - Added connection com.mysql.cj.jdbc.ConnectionImpl@5f409872
2025-11-11T23:12:42.897+05:30  INFO 53866 --- [lava] [main] com.zaxxer.hikari.HikariDataSource       : HikariPool-1 - Start completed.
2025-11-11T23:12:43.023+05:30  WARN 53866 --- [lava] [main] org.hibernate.orm.deprecation            : HHH90000025: MySQL8Dialect does not need to be specified explicitly using 'hibernate.dialect' (remove the property setting and it will be selected by default)
2025-11-11T23:12:43.026+05:30  WARN 53866 --- [lava] [main] org.hibernate.orm.deprecation            : HHH90000026: MySQL8Dialect has been deprecated; use org.hibernate.dialect.MySQLDialect instead
2025-11-11T23:12:43.143+05:30  INFO 53866 --- [lava] [main] org.hibernate.orm.connections.pooling    : HHH10001005: Database info:
	Database JDBC URL [Connecting through datasource 'HikariDataSource (HikariPool-1)']
	Database driver: undefined/unknown
	Database version: 8.0
	Autocommit mode: undefined/unknown
	Isolation level: undefined/unknown
	Minimum pool size: undefined/unknown
	Maximum pool size: undefined/unknown
2025-11-11T23:12:47.754+05:30  INFO 53866 --- [lava] [main] o.h.e.t.j.p.i.JtaPlatformInitiator       : HHH000489: No JTA platform available (set 'hibernate.transaction.jta.platform' to enable JTA platform integration)
2025-11-11T23:12:48.512+05:30  INFO 53866 --- [lava] [main] j.LocalContainerEntityManagerFactoryBean : Initialized JPA EntityManagerFactory for persistence unit 'default'
2025-11-11T23:12:48.734+05:30  WARN 53866 --- [lava] [main] JpaBaseConfiguration$JpaWebConfiguration : spring.jpa.open-in-view is enabled by default. Therefore, database queries may be performed during view rendering. Explicitly configure spring.jpa.open-in-view to disable this warning
2025-11-11T23:12:51.069+05:30  WARN 53866 --- [lava] [main] ConfigServletWebServerApplicationContext : Exception encountered during context initialization - cancelling refresh attempt: org.springframework.beans.factory.BeanCreationException: Error creating bean with name 'employeeRepo' defined in com.lava.lava.repository.EmployeeRepo defined in @EnableJpaRepositories declared on JpaRepositoriesRegistrar.EnableJpaRepositoriesConfiguration: Could not create query for public abstract java.util.List com.lava.lava.repository.EmployeeRepo.findByEmployeeStatus(com.lava.lava.enums.EmployeeStatus); Reason: Failed to create query for method public abstract java.util.List com.lava.lava.repository.EmployeeRepo.findByEmployeeStatus(com.lava.lava.enums.EmployeeStatus); No property 'employeeStatus' found for type 'Employee'
2025-11-11T23:12:51.072+05:30  INFO 53866 --- [lava] [main] j.LocalContainerEntityManagerFactoryBean : Closing JPA EntityManagerFactory for persistence unit 'default'
2025-11-11T23:12:51.079+05:30  INFO 53866 --- [lava] [main] com.zaxxer.hikari.HikariDataSource       : HikariPool-1 - Shutdown initiated...
2025-11-11T23:12:51.113+05:30  INFO 53866 --- [lava] [main] com.zaxxer.hikari.HikariDataSource       : HikariPool-1 - Shutdown completed.
2025-11-11T23:12:51.124+05:30  INFO 53866 --- [lava] [main] o.apache.catalina.core.StandardService   : Stopping service [Tomcat]
2025-11-11T23:12:51.173+05:30  INFO 53866 --- [lava] [main] .s.b.a.l.ConditionEvaluationReportLogger : 

Error starting ApplicationContext. To display the condition evaluation report re-run your application with 'debug' enabled.
2025-11-11T23:12:51.233+05:30 ERROR 53866 --- [lava] [main] o.s.boot.SpringApplication               : Application run failed

org.springframework.beans.factory.BeanCreationException: Error creating bean with name 'employeeRepo' defined in com.lava.lava.repository.EmployeeRepo defined in @EnableJpaRepositories declared on JpaRepositoriesRegistrar.EnableJpaRepositoriesConfiguration: Could not create query for public abstract java.util.List com.lava.lava.repository.EmployeeRepo.findByEmployeeStatus(com.lava.lava.enums.EmployeeStatus); Reason: Failed to create query for method public abstract java.util.List com.lava.lava.repository.EmployeeRepo.findByEmployeeStatus(com.lava.lava.enums.EmployeeStatus); No property 'employeeStatus' found for type 'Employee'
	at org.springframework.beans.factory.support.AbstractAutowireCapableBeanFactory.initializeBean(AbstractAutowireCapableBeanFactory.java:1826) ~[spring-beans-6.2.12.jar:6.2.12]
	at org.springframework.beans.factory.support.AbstractAutowireCapableBeanFactory.doCreateBean(AbstractAutowireCapableBeanFactory.java:607) ~[spring-beans-6.2.12.jar:6.2.12]
	at org.springframework.beans.factory.support.AbstractAutowireCapableBeanFactory.createBean(AbstractAutowireCapableBeanFactory.java:529) ~[spring-beans-6.2.12.jar:6.2.12]
	at org.springframework.beans.factory.support.AbstractBeanFactory.lambda$doGetBean$0(AbstractBeanFactory.java:339) ~[spring-beans-6.2.12.jar:6.2.12]
	at org.springframework.beans.factory.support.DefaultSingletonBeanRegistry.getSingleton(DefaultSingletonBeanRegistry.java:373) ~[spring-beans-6.2.12.jar:6.2.12]
	at org.springframework.beans.factory.support.AbstractBeanFactory.doGetBean(AbstractBeanFactory.java:337) ~[spring-beans-6.2.12.jar:6.2.12]
	at org.springframework.beans.factory.support.AbstractBeanFactory.getBean(AbstractBeanFactory.java:202) ~[spring-beans-6.2.12.jar:6.2.12]
	at org.springframework.beans.factory.support.DefaultListableBeanFactory.instantiateSingleton(DefaultListableBeanFactory.java:1222) ~[spring-beans-6.2.12.jar:6.2.12]
	at org.springframework.beans.factory.support.DefaultListableBeanFactory.preInstantiateSingleton(DefaultListableBeanFactory.java:1194) ~[spring-beans-6.2.12.jar:6.2.12]
	at org.springframework.beans.factory.support.DefaultListableBeanFactory.preInstantiateSingletons(DefaultListableBeanFactory.java:1130) ~[spring-beans-6.2.12.jar:6.2.12]
	at org.springframework.context.support.AbstractApplicationContext.finishBeanFactoryInitialization(AbstractApplicationContext.java:990) ~[spring-context-6.2.12.jar:6.2.12]
	at org.springframework.context.support.AbstractApplicationContext.refresh(AbstractApplicationContext.java:627) ~[spring-context-6.2.12.jar:6.2.12]
	at org.springframework.boot.web.servlet.context.ServletWebServerApplicationContext.refresh(ServletWebServerApplicationContext.java:146) ~[spring-boot-3.5.7.jar:3.5.7]
	at org.springframework.boot.SpringApplication.refresh(SpringApplication.java:752) ~[spring-boot-3.5.7.jar:3.5.7]
	at org.springframework.boot.SpringApplication.refreshContext(SpringApplication.java:439) ~[spring-boot-3.5.7.jar:3.5.7]
	at org.springframework.boot.SpringApplication.run(SpringApplication.java:318) ~[spring-boot-3.5.7.jar:3.5.7]
	at org.springframework.boot.SpringApplication.run(SpringApplication.java:1361) ~[spring-boot-3.5.7.jar:3.5.7]
	at org.springframework.boot.SpringApplication.run(SpringApplication.java:1350) ~[spring-boot-3.5.7.jar:3.5.7]
	at com.lava.lava.LavaApplication.main(LavaApplication.java:13) ~[classes/:na]
Caused by: org.springframework.data.repository.query.QueryCreationException: Could not create query for public abstract java.util.List com.lava.lava.repository.EmployeeRepo.findByEmployeeStatus(com.lava.lava.enums.EmployeeStatus); Reason: Failed to create query for method public abstract java.util.List com.lava.lava.repository.EmployeeRepo.findByEmployeeStatus(com.lava.lava.enums.EmployeeStatus); No property 'employeeStatus' found for type 'Employee'
	at org.springframework.data.repository.query.QueryCreationException.create(QueryCreationException.java:101) ~[spring-data-commons-3.5.5.jar:3.5.5]
	at org.springframework.data.repository.core.support.QueryExecutorMethodInterceptor.lookupQuery(QueryExecutorMethodInterceptor.java:120) ~[spring-data-commons-3.5.5.jar:3.5.5]
	at org.springframework.data.repository.core.support.QueryExecutorMethodInterceptor.mapMethodsToQuery(QueryExecutorMethodInterceptor.java:104) ~[spring-data-commons-3.5.5.jar:3.5.5]
	at org.springframework.data.repository.core.support.QueryExecutorMethodInterceptor.lambda$new$0(QueryExecutorMethodInterceptor.java:92) ~[spring-data-commons-3.5.5.jar:3.5.5]
	at java.base/java.util.Optional.map(Optional.java:260) ~[na:na]
	at org.springframework.data.repository.core.support.QueryExecutorMethodInterceptor.<init>(QueryExecutorMethodInterceptor.java:92) ~[spring-data-commons-3.5.5.jar:3.5.5]
	at org.springframework.data.repository.core.support.RepositoryFactorySupport.getRepository(RepositoryFactorySupport.java:434) ~[spring-data-commons-3.5.5.jar:3.5.5]
	at org.springframework.data.repository.core.support.RepositoryFactoryBeanSupport.lambda$afterPropertiesSet$4(RepositoryFactoryBeanSupport.java:350) ~[spring-data-commons-3.5.5.jar:3.5.5]
	at org.springframework.data.util.Lazy.getNullable(Lazy.java:135) ~[spring-data-commons-3.5.5.jar:3.5.5]
	at org.springframework.data.util.Lazy.get(Lazy.java:113) ~[spring-data-commons-3.5.5.jar:3.5.5]
	at org.springframework.data.repository.core.support.RepositoryFactoryBeanSupport.afterPropertiesSet(RepositoryFactoryBeanSupport.java:356) ~[spring-data-commons-3.5.5.jar:3.5.5]
	at org.springframework.data.jpa.repository.support.JpaRepositoryFactoryBean.afterPropertiesSet(JpaRepositoryFactoryBean.java:132) ~[spring-data-jpa-3.5.5.jar:3.5.5]
	at org.springframework.beans.factory.support.AbstractAutowireCapableBeanFactory.invokeInitMethods(AbstractAutowireCapableBeanFactory.java:1873) ~[spring-beans-6.2.12.jar:6.2.12]
	at org.springframework.beans.factory.support.AbstractAutowireCapableBeanFactory.initializeBean(AbstractAutowireCapableBeanFactory.java:1822) ~[spring-beans-6.2.12.jar:6.2.12]
	... 18 common frames omitted
Caused by: java.lang.IllegalArgumentException: Failed to create query for method public abstract java.util.List com.lava.lava.repository.EmployeeRepo.findByEmployeeStatus(com.lava.lava.enums.EmployeeStatus); No property 'employeeStatus' found for type 'Employee'
	at org.springframework.data.jpa.repository.query.PartTreeJpaQuery.<init>(PartTreeJpaQuery.java:107) ~[spring-data-jpa-3.5.5.jar:3.5.5]
	at org.springframework.data.jpa.repository.query.JpaQueryLookupStrategy$CreateQueryLookupStrategy.resolveQuery(JpaQueryLookupStrategy.java:128) ~[spring-data-jpa-3.5.5.jar:3.5.5]
	at org.springframework.data.jpa.repository.query.JpaQueryLookupStrategy$CreateIfNotFoundQueryLookupStrategy.resolveQuery(JpaQueryLookupStrategy.java:260) ~[spring-data-jpa-3.5.5.jar:3.5.5]
	at org.springframework.data.jpa.repository.query.JpaQueryLookupStrategy$AbstractQueryLookupStrategy.resolveQuery(JpaQueryLookupStrategy.java:99) ~[spring-data-jpa-3.5.5.jar:3.5.5]
	at org.springframework.data.repository.core.support.QueryExecutorMethodInterceptor.lookupQuery(QueryExecutorMethodInterceptor.java:116) ~[spring-data-commons-3.5.5.jar:3.5.5]
	... 30 common frames omitted
Caused by: org.springframework.data.mapping.PropertyReferenceException: No property 'employeeStatus' found for type 'Employee'
	at org.springframework.data.mapping.PropertyPath.<init>(PropertyPath.java:94) ~[spring-data-commons-3.5.5.jar:3.5.5]
	at org.springframework.data.mapping.PropertyPath.create(PropertyPath.java:455) ~[spring-data-commons-3.5.5.jar:3.5.5]
	at org.springframework.data.mapping.PropertyPath.create(PropertyPath.java:431) ~[spring-data-commons-3.5.5.jar:3.5.5]
	at org.springframework.data.mapping.PropertyPath.lambda$from$0(PropertyPath.java:384) ~[spring-data-commons-3.5.5.jar:3.5.5]
	at java.base/java.util.concurrent.ConcurrentMap.computeIfAbsent(ConcurrentMap.java:330) ~[na:na]
	at org.springframework.data.mapping.PropertyPath.from(PropertyPath.java:366) ~[spring-data-commons-3.5.5.jar:3.5.5]
	at org.springframework.data.mapping.PropertyPath.from(PropertyPath.java:344) ~[spring-data-commons-3.5.5.jar:3.5.5]
	at org.springframework.data.repository.query.parser.Part.<init>(Part.java:81) ~[spring-data-commons-3.5.5.jar:3.5.5]
	at org.springframework.data.repository.query.parser.PartTree$OrPart.lambda$new$0(PartTree.java:259) ~[spring-data-commons-3.5.5.jar:3.5.5]
	at java.base/java.util.stream.ReferencePipeline$3$1.accept(ReferencePipeline.java:197) ~[na:na]
	at java.base/java.util.stream.ReferencePipeline$2$1.accept(ReferencePipeline.java:179) ~[na:na]
	at java.base/java.util.Spliterators$ArraySpliterator.forEachRemaining(Spliterators.java:992) ~[na:na]
	at java.base/java.util.stream.AbstractPipeline.copyInto(AbstractPipeline.java:509) ~[na:na]
	at java.base/java.util.stream.AbstractPipeline.wrapAndCopyInto(AbstractPipeline.java:499) ~[na:na]
	at java.base/java.util.stream.ReduceOps$ReduceOp.evaluateSequential(ReduceOps.java:921) ~[na:na]
	at java.base/java.util.stream.AbstractPipeline.evaluate(AbstractPipeline.java:234) ~[na:na]
	at java.base/java.util.stream.ReferencePipeline.collect(ReferencePipeline.java:682) ~[na:na]
	at org.springframework.data.repository.query.parser.PartTree$OrPart.<init>(PartTree.java:260) ~[spring-data-commons-3.5.5.jar:3.5.5]
	at org.springframework.data.repository.query.parser.PartTree$Predicate.lambda$new$0(PartTree.java:389) ~[spring-data-commons-3.5.5.jar:3.5.5]
	at java.base/java.util.stream.ReferencePipeline$3$1.accept(ReferencePipeline.java:197) ~[na:na]
	at java.base/java.util.stream.ReferencePipeline$2$1.accept(ReferencePipeline.java:179) ~[na:na]
	at java.base/java.util.Spliterators$ArraySpliterator.forEachRemaining(Spliterators.java:992) ~[na:na]
	at java.base/java.util.stream.AbstractPipeline.copyInto(AbstractPipeline.java:509) ~[na:na]
	at java.base/java.util.stream.AbstractPipeline.wrapAndCopyInto(AbstractPipeline.java:499) ~[na:na]
	at java.base/java.util.stream.ReduceOps$ReduceOp.evaluateSequential(ReduceOps.java:921) ~[na:na]
	at java.base/java.util.stream.AbstractPipeline.evaluate(AbstractPipeline.java:234) ~[na:na]
	at java.base/java.util.stream.ReferencePipeline.collect(ReferencePipeline.java:682) ~[na:na]
	at org.springframework.data.repository.query.parser.PartTree$Predicate.<init>(PartTree.java:390) ~[spring-data-commons-3.5.5.jar:3.5.5]
	at org.springframework.data.repository.query.parser.PartTree.<init>(PartTree.java:103) ~[spring-data-commons-3.5.5.jar:3.5.5]
	at org.springframework.data.jpa.repository.query.PartTreeJpaQuery.<init>(PartTreeJpaQuery.java:101) ~[spring-data-jpa-3.5.5.jar:3.5.5]
	... 34 common frames omitted

2025-11-11T23:13:58.807+05:30  INFO 53993 --- [lava] [main] com.lava.lava.LavaApplication            : Starting LavaApplication using Java 17.0.16 with PID 53993 (/home/sathsara/Desktop/lava project demo/lava/target/classes started by sathsara in /home/sathsara/Desktop/lava project demo/lava)
2025-11-11T23:13:58.852+05:30  INFO 53993 --- [lava] [main] com.lava.lava.LavaApplication            : No active profile set, falling back to 1 default profile: "default"
2025-11-11T23:14:03.938+05:30  INFO 53993 --- [lava] [main] .s.d.r.c.RepositoryConfigurationDelegate : Bootstrapping Spring Data JPA repositories in DEFAULT mode.
2025-11-11T23:14:04.243+05:30  INFO 53993 --- [lava] [main] .s.d.r.c.RepositoryConfigurationDelegate : Finished Spring Data repository scanning in 274 ms. Found 13 JPA repository interfaces.
2025-11-11T23:14:06.079+05:30  INFO 53993 --- [lava] [main] o.s.b.w.embedded.tomcat.TomcatWebServer  : Tomcat initialized with port 8080 (http)
2025-11-11T23:14:06.122+05:30  INFO 53993 --- [lava] [main] o.apache.catalina.core.StandardService   : Starting service [Tomcat]
2025-11-11T23:14:06.124+05:30  INFO 53993 --- [lava] [main] o.apache.catalina.core.StandardEngine    : Starting Servlet engine: [Apache Tomcat/10.1.48]
2025-11-11T23:14:06.283+05:30  INFO 53993 --- [lava] [main] o.a.c.c.C.[Tomcat].[localhost].[/]       : Initializing Spring embedded WebApplicationContext
2025-11-11T23:14:06.285+05:30  INFO 53993 --- [lava] [main] w.s.c.ServletWebServerApplicationContext : Root WebApplicationContext: initialization completed in 6825 ms
2025-11-11T23:14:06.967+05:30  INFO 53993 --- [lava] [main] o.hibernate.jpa.internal.util.LogHelper  : HHH000204: Processing PersistenceUnitInfo [name: default]
2025-11-11T23:14:07.109+05:30  INFO 53993 --- [lava] [main] org.hibernate.Version                    : HHH000412: Hibernate ORM core version 6.6.33.Final
2025-11-11T23:14:07.234+05:30  INFO 53993 --- [lava] [main] o.h.c.internal.RegionFactoryInitiator    : HHH000026: Second-level cache disabled
2025-11-11T23:14:08.741+05:30  INFO 53993 --- [lava] [main] o.s.o.j.p.SpringPersistenceUnitInfo      : No LoadTimeWeaver setup: ignoring JPA class transformer
2025-11-11T23:14:08.899+05:30  INFO 53993 --- [lava] [main] com.zaxxer.hikari.HikariDataSource       : HikariPool-1 - Starting...
2025-11-11T23:14:09.985+05:30  INFO 53993 --- [lava] [main] com.zaxxer.hikari.pool.HikariPool        : HikariPool-1 - Added connection com.mysql.cj.jdbc.ConnectionImpl@4300e240
2025-11-11T23:14:09.995+05:30  INFO 53993 --- [lava] [main] com.zaxxer.hikari.HikariDataSource       : HikariPool-1 - Start completed.
2025-11-11T23:14:10.350+05:30  WARN 53993 --- [lava] [main] org.hibernate.orm.deprecation            : HHH90000025: MySQL8Dialect does not need to be specified explicitly using 'hibernate.dialect' (remove the property setting and it will be selected by default)
2025-11-11T23:14:10.360+05:30  WARN 53993 --- [lava] [main] org.hibernate.orm.deprecation            : HHH90000026: MySQL8Dialect has been deprecated; use org.hibernate.dialect.MySQLDialect instead
2025-11-11T23:14:10.494+05:30  INFO 53993 --- [lava] [main] org.hibernate.orm.connections.pooling    : HHH10001005: Database info:
	Database JDBC URL [Connecting through datasource 'HikariDataSource (HikariPool-1)']
	Database driver: undefined/unknown
	Database version: 8.0
	Autocommit mode: undefined/unknown
	Isolation level: undefined/unknown
	Minimum pool size: undefined/unknown
	Maximum pool size: undefined/unknown
2025-11-11T23:14:14.837+05:30  INFO 53993 --- [lava] [main] o.h.e.t.j.p.i.JtaPlatformInitiator       : HHH000489: No JTA platform available (set 'hibernate.transaction.jta.platform' to enable JTA platform integration)
2025-11-11T23:14:15.648+05:30  INFO 53993 --- [lava] [main] j.LocalContainerEntityManagerFactoryBean : Initialized JPA EntityManagerFactory for persistence unit 'default'
2025-11-11T23:14:15.856+05:30  WARN 53993 --- [lava] [main] JpaBaseConfiguration$JpaWebConfiguration : spring.jpa.open-in-view is enabled by default. Therefore, database queries may be performed during view rendering. Explicitly configure spring.jpa.open-in-view to disable this warning
2025-11-11T23:14:18.099+05:30  WARN 53993 --- [lava] [main] ConfigServletWebServerApplicationContext : Exception encountered during context initialization - cancelling refresh attempt: org.springframework.beans.factory.BeanCreationException: Error creating bean with name 'roleRepo' defined in com.lava.lava.repository.RoleRepo defined in @EnableJpaRepositories declared on JpaRepositoriesRegistrar.EnableJpaRepositoriesConfiguration: Could not create query for public abstract java.util.List com.lava.lava.repository.RoleRepo.findByRoleName(com.lava.lava.enums.RoleName); Reason: Failed to create query for method public abstract java.util.List com.lava.lava.repository.RoleRepo.findByRoleName(com.lava.lava.enums.RoleName); No property 'roleName' found for type 'Role'
2025-11-11T23:14:18.102+05:30  INFO 53993 --- [lava] [main] j.LocalContainerEntityManagerFactoryBean : Closing JPA EntityManagerFactory for persistence unit 'default'
2025-11-11T23:14:18.115+05:30  INFO 53993 --- [lava] [main] com.zaxxer.hikari.HikariDataSource       : HikariPool-1 - Shutdown initiated...
2025-11-11T23:14:18.154+05:30  INFO 53993 --- [lava] [main] com.zaxxer.hikari.HikariDataSource       : HikariPool-1 - Shutdown completed.
2025-11-11T23:14:18.165+05:30  INFO 53993 --- [lava] [main] o.apache.catalina.core.StandardService   : Stopping service [Tomcat]
2025-11-11T23:14:18.210+05:30  INFO 53993 --- [lava] [main] .s.b.a.l.ConditionEvaluationReportLogger : 

Error starting ApplicationContext. To display the condition evaluation report re-run your application with 'debug' enabled.
2025-11-11T23:14:18.273+05:30 ERROR 53993 --- [lava] [main] o.s.boot.SpringApplication               : Application run failed

org.springframework.beans.factory.BeanCreationException: Error creating bean with name 'roleRepo' defined in com.lava.lava.repository.RoleRepo defined in @EnableJpaRepositories declared on JpaRepositoriesRegistrar.EnableJpaRepositoriesConfiguration: Could not create query for public abstract java.util.List com.lava.lava.repository.RoleRepo.findByRoleName(com.lava.lava.enums.RoleName); Reason: Failed to create query for method public abstract java.util.List com.lava.lava.repository.RoleRepo.findByRoleName(com.lava.lava.enums.RoleName); No property 'roleName' found for type 'Role'
	at org.springframework.beans.factory.support.AbstractAutowireCapableBeanFactory.initializeBean(AbstractAutowireCapableBeanFactory.java:1826) ~[spring-beans-6.2.12.jar:6.2.12]
	at org.springframework.beans.factory.support.AbstractAutowireCapableBeanFactory.doCreateBean(AbstractAutowireCapableBeanFactory.java:607) ~[spring-beans-6.2.12.jar:6.2.12]
	at org.springframework.beans.factory.support.AbstractAutowireCapableBeanFactory.createBean(AbstractAutowireCapableBeanFactory.java:529) ~[spring-beans-6.2.12.jar:6.2.12]
	at org.springframework.beans.factory.support.AbstractBeanFactory.lambda$doGetBean$0(AbstractBeanFactory.java:339) ~[spring-beans-6.2.12.jar:6.2.12]
	at org.springframework.beans.factory.support.DefaultSingletonBeanRegistry.getSingleton(DefaultSingletonBeanRegistry.java:373) ~[spring-beans-6.2.12.jar:6.2.12]
	at org.springframework.beans.factory.support.AbstractBeanFactory.doGetBean(AbstractBeanFactory.java:337) ~[spring-beans-6.2.12.jar:6.2.12]
	at org.springframework.beans.factory.support.AbstractBeanFactory.getBean(AbstractBeanFactory.java:202) ~[spring-beans-6.2.12.jar:6.2.12]
	at org.springframework.beans.factory.support.DefaultListableBeanFactory.instantiateSingleton(DefaultListableBeanFactory.java:1222) ~[spring-beans-6.2.12.jar:6.2.12]
	at org.springframework.beans.factory.support.DefaultListableBeanFactory.preInstantiateSingleton(DefaultListableBeanFactory.java:1194) ~[spring-beans-6.2.12.jar:6.2.12]
	at org.springframework.beans.factory.support.DefaultListableBeanFactory.preInstantiateSingletons(DefaultListableBeanFactory.java:1130) ~[spring-beans-6.2.12.jar:6.2.12]
	at org.springframework.context.support.AbstractApplicationContext.finishBeanFactoryInitialization(AbstractApplicationContext.java:990) ~[spring-context-6.2.12.jar:6.2.12]
	at org.springframework.context.support.AbstractApplicationContext.refresh(AbstractApplicationContext.java:627) ~[spring-context-6.2.12.jar:6.2.12]
	at org.springframework.boot.web.servlet.context.ServletWebServerApplicationContext.refresh(ServletWebServerApplicationContext.java:146) ~[spring-boot-3.5.7.jar:3.5.7]
	at org.springframework.boot.SpringApplication.refresh(SpringApplication.java:752) ~[spring-boot-3.5.7.jar:3.5.7]
	at org.springframework.boot.SpringApplication.refreshContext(SpringApplication.java:439) ~[spring-boot-3.5.7.jar:3.5.7]
	at org.springframework.boot.SpringApplication.run(SpringApplication.java:318) ~[spring-boot-3.5.7.jar:3.5.7]
	at org.springframework.boot.SpringApplication.run(SpringApplication.java:1361) ~[spring-boot-3.5.7.jar:3.5.7]
	at org.springframework.boot.SpringApplication.run(SpringApplication.java:1350) ~[spring-boot-3.5.7.jar:3.5.7]
	at com.lava.lava.LavaApplication.main(LavaApplication.java:13) ~[classes/:na]
Caused by: org.springframework.data.repository.query.QueryCreationException: Could not create query for public abstract java.util.List com.lava.lava.repository.RoleRepo.findByRoleName(com.lava.lava.enums.RoleName); Reason: Failed to create query for method public abstract java.util.List com.lava.lava.repository.RoleRepo.findByRoleName(com.lava.lava.enums.RoleName); No property 'roleName' found for type 'Role'
	at org.springframework.data.repository.query.QueryCreationException.create(QueryCreationException.java:101) ~[spring-data-commons-3.5.5.jar:3.5.5]
	at org.springframework.data.repository.core.support.QueryExecutorMethodInterceptor.lookupQuery(QueryExecutorMethodInterceptor.java:120) ~[spring-data-commons-3.5.5.jar:3.5.5]
	at org.springframework.data.repository.core.support.QueryExecutorMethodInterceptor.mapMethodsToQuery(QueryExecutorMethodInterceptor.java:104) ~[spring-data-commons-3.5.5.jar:3.5.5]
	at org.springframework.data.repository.core.support.QueryExecutorMethodInterceptor.lambda$new$0(QueryExecutorMethodInterceptor.java:92) ~[spring-data-commons-3.5.5.jar:3.5.5]
	at java.base/java.util.Optional.map(Optional.java:260) ~[na:na]
	at org.springframework.data.repository.core.support.QueryExecutorMethodInterceptor.<init>(QueryExecutorMethodInterceptor.java:92) ~[spring-data-commons-3.5.5.jar:3.5.5]
	at org.springframework.data.repository.core.support.RepositoryFactorySupport.getRepository(RepositoryFactorySupport.java:434) ~[spring-data-commons-3.5.5.jar:3.5.5]
	at org.springframework.data.repository.core.support.RepositoryFactoryBeanSupport.lambda$afterPropertiesSet$4(RepositoryFactoryBeanSupport.java:350) ~[spring-data-commons-3.5.5.jar:3.5.5]
	at org.springframework.data.util.Lazy.getNullable(Lazy.java:135) ~[spring-data-commons-3.5.5.jar:3.5.5]
	at org.springframework.data.util.Lazy.get(Lazy.java:113) ~[spring-data-commons-3.5.5.jar:3.5.5]
	at org.springframework.data.repository.core.support.RepositoryFactoryBeanSupport.afterPropertiesSet(RepositoryFactoryBeanSupport.java:356) ~[spring-data-commons-3.5.5.jar:3.5.5]
	at org.springframework.data.jpa.repository.support.JpaRepositoryFactoryBean.afterPropertiesSet(JpaRepositoryFactoryBean.java:132) ~[spring-data-jpa-3.5.5.jar:3.5.5]
	at org.springframework.beans.factory.support.AbstractAutowireCapableBeanFactory.invokeInitMethods(AbstractAutowireCapableBeanFactory.java:1873) ~[spring-beans-6.2.12.jar:6.2.12]
	at org.springframework.beans.factory.support.AbstractAutowireCapableBeanFactory.initializeBean(AbstractAutowireCapableBeanFactory.java:1822) ~[spring-beans-6.2.12.jar:6.2.12]
	... 18 common frames omitted
Caused by: java.lang.IllegalArgumentException: Failed to create query for method public abstract java.util.List com.lava.lava.repository.RoleRepo.findByRoleName(com.lava.lava.enums.RoleName); No property 'roleName' found for type 'Role'
	at org.springframework.data.jpa.repository.query.PartTreeJpaQuery.<init>(PartTreeJpaQuery.java:107) ~[spring-data-jpa-3.5.5.jar:3.5.5]
	at org.springframework.data.jpa.repository.query.JpaQueryLookupStrategy$CreateQueryLookupStrategy.resolveQuery(JpaQueryLookupStrategy.java:128) ~[spring-data-jpa-3.5.5.jar:3.5.5]
	at org.springframework.data.jpa.repository.query.JpaQueryLookupStrategy$CreateIfNotFoundQueryLookupStrategy.resolveQuery(JpaQueryLookupStrategy.java:260) ~[spring-data-jpa-3.5.5.jar:3.5.5]
	at org.springframework.data.jpa.repository.query.JpaQueryLookupStrategy$AbstractQueryLookupStrategy.resolveQuery(JpaQueryLookupStrategy.java:99) ~[spring-data-jpa-3.5.5.jar:3.5.5]
	at org.springframework.data.repository.core.support.QueryExecutorMethodInterceptor.lookupQuery(QueryExecutorMethodInterceptor.java:116) ~[spring-data-commons-3.5.5.jar:3.5.5]
	... 30 common frames omitted
Caused by: org.springframework.data.mapping.PropertyReferenceException: No property 'roleName' found for type 'Role'
	at org.springframework.data.mapping.PropertyPath.<init>(PropertyPath.java:94) ~[spring-data-commons-3.5.5.jar:3.5.5]
	at org.springframework.data.mapping.PropertyPath.create(PropertyPath.java:455) ~[spring-data-commons-3.5.5.jar:3.5.5]
	at org.springframework.data.mapping.PropertyPath.create(PropertyPath.java:431) ~[spring-data-commons-3.5.5.jar:3.5.5]
	at org.springframework.data.mapping.PropertyPath.lambda$from$0(PropertyPath.java:384) ~[spring-data-commons-3.5.5.jar:3.5.5]
	at java.base/java.util.concurrent.ConcurrentMap.computeIfAbsent(ConcurrentMap.java:330) ~[na:na]
	at org.springframework.data.mapping.PropertyPath.from(PropertyPath.java:366) ~[spring-data-commons-3.5.5.jar:3.5.5]
	at org.springframework.data.mapping.PropertyPath.from(PropertyPath.java:344) ~[spring-data-commons-3.5.5.jar:3.5.5]
	at org.springframework.data.repository.query.parser.Part.<init>(Part.java:81) ~[spring-data-commons-3.5.5.jar:3.5.5]
	at org.springframework.data.repository.query.parser.PartTree$OrPart.lambda$new$0(PartTree.java:259) ~[spring-data-commons-3.5.5.jar:3.5.5]
	at java.base/java.util.stream.ReferencePipeline$3$1.accept(ReferencePipeline.java:197) ~[na:na]
	at java.base/java.util.stream.ReferencePipeline$2$1.accept(ReferencePipeline.java:179) ~[na:na]
	at java.base/java.util.Spliterators$ArraySpliterator.forEachRemaining(Spliterators.java:992) ~[na:na]
	at java.base/java.util.stream.AbstractPipeline.copyInto(AbstractPipeline.java:509) ~[na:na]
	at java.base/java.util.stream.AbstractPipeline.wrapAndCopyInto(AbstractPipeline.java:499) ~[na:na]
	at java.base/java.util.stream.ReduceOps$ReduceOp.evaluateSequential(ReduceOps.java:921) ~[na:na]
	at java.base/java.util.stream.AbstractPipeline.evaluate(AbstractPipeline.java:234) ~[na:na]
	at java.base/java.util.stream.ReferencePipeline.collect(ReferencePipeline.java:682) ~[na:na]
	at org.springframework.data.repository.query.parser.PartTree$OrPart.<init>(PartTree.java:260) ~[spring-data-commons-3.5.5.jar:3.5.5]
	at org.springframework.data.repository.query.parser.PartTree$Predicate.lambda$new$0(PartTree.java:389) ~[spring-data-commons-3.5.5.jar:3.5.5]
	at java.base/java.util.stream.ReferencePipeline$3$1.accept(ReferencePipeline.java:197) ~[na:na]
	at java.base/java.util.stream.ReferencePipeline$2$1.accept(ReferencePipeline.java:179) ~[na:na]
	at java.base/java.util.Spliterators$ArraySpliterator.forEachRemaining(Spliterators.java:992) ~[na:na]
	at java.base/java.util.stream.AbstractPipeline.copyInto(AbstractPipeline.java:509) ~[na:na]
	at java.base/java.util.stream.AbstractPipeline.wrapAndCopyInto(AbstractPipeline.java:499) ~[na:na]
	at java.base/java.util.stream.ReduceOps$ReduceOp.evaluateSequential(ReduceOps.java:921) ~[na:na]
	at java.base/java.util.stream.AbstractPipeline.evaluate(AbstractPipeline.java:234) ~[na:na]
	at java.base/java.util.stream.ReferencePipeline.collect(ReferencePipeline.java:682) ~[na:na]
	at org.springframework.data.repository.query.parser.PartTree$Predicate.<init>(PartTree.java:390) ~[spring-data-commons-3.5.5.jar:3.5.5]
	at org.springframework.data.repository.query.parser.PartTree.<init>(PartTree.java:103) ~[spring-data-commons-3.5.5.jar:3.5.5]
	at org.springframework.data.jpa.repository.query.PartTreeJpaQuery.<init>(PartTreeJpaQuery.java:101) ~[spring-data-jpa-3.5.5.jar:3.5.5]
	... 34 common frames omitted

2025-11-11T23:15:16.526+05:30  INFO 54166 --- [lava] [main] com.lava.lava.LavaApplication            : Starting LavaApplication using Java 17.0.16 with PID 54166 (/home/sathsara/Desktop/lava project demo/lava/target/classes started by sathsara in /home/sathsara/Desktop/lava project demo/lava)
2025-11-11T23:15:16.545+05:30  INFO 54166 --- [lava] [main] com.lava.lava.LavaApplication            : No active profile set, falling back to 1 default profile: "default"
2025-11-11T23:15:19.867+05:30  INFO 54166 --- [lava] [main] .s.d.r.c.RepositoryConfigurationDelegate : Bootstrapping Spring Data JPA repositories in DEFAULT mode.
2025-11-11T23:15:20.227+05:30  INFO 54166 --- [lava] [main] .s.d.r.c.RepositoryConfigurationDelegate : Finished Spring Data repository scanning in 328 ms. Found 13 JPA repository interfaces.
2025-11-11T23:15:22.145+05:30  INFO 54166 --- [lava] [main] o.s.b.w.embedded.tomcat.TomcatWebServer  : Tomcat initialized with port 8080 (http)
2025-11-11T23:15:22.193+05:30  INFO 54166 --- [lava] [main] o.apache.catalina.core.StandardService   : Starting service [Tomcat]
2025-11-11T23:15:22.195+05:30  INFO 54166 --- [lava] [main] o.apache.catalina.core.StandardEngine    : Starting Servlet engine: [Apache Tomcat/10.1.48]
2025-11-11T23:15:22.415+05:30  INFO 54166 --- [lava] [main] o.a.c.c.C.[Tomcat].[localhost].[/]       : Initializing Spring embedded WebApplicationContext
2025-11-11T23:15:22.417+05:30  INFO 54166 --- [lava] [main] w.s.c.ServletWebServerApplicationContext : Root WebApplicationContext: initialization completed in 5547 ms
2025-11-11T23:15:23.161+05:30  INFO 54166 --- [lava] [main] o.hibernate.jpa.internal.util.LogHelper  : HHH000204: Processing PersistenceUnitInfo [name: default]
2025-11-11T23:15:23.295+05:30  INFO 54166 --- [lava] [main] org.hibernate.Version                    : HHH000412: Hibernate ORM core version 6.6.33.Final
2025-11-11T23:15:23.432+05:30  INFO 54166 --- [lava] [main] o.h.c.internal.RegionFactoryInitiator    : HHH000026: Second-level cache disabled
2025-11-11T23:15:24.378+05:30  INFO 54166 --- [lava] [main] o.s.o.j.p.SpringPersistenceUnitInfo      : No LoadTimeWeaver setup: ignoring JPA class transformer
2025-11-11T23:15:24.464+05:30  INFO 54166 --- [lava] [main] com.zaxxer.hikari.HikariDataSource       : HikariPool-1 - Starting...
2025-11-11T23:15:24.967+05:30  INFO 54166 --- [lava] [main] com.zaxxer.hikari.pool.HikariPool        : HikariPool-1 - Added connection com.mysql.cj.jdbc.ConnectionImpl@108b121f
2025-11-11T23:15:24.973+05:30  INFO 54166 --- [lava] [main] com.zaxxer.hikari.HikariDataSource       : HikariPool-1 - Start completed.
2025-11-11T23:15:25.112+05:30  WARN 54166 --- [lava] [main] org.hibernate.orm.deprecation            : HHH90000025: MySQL8Dialect does not need to be specified explicitly using 'hibernate.dialect' (remove the property setting and it will be selected by default)
2025-11-11T23:15:25.115+05:30  WARN 54166 --- [lava] [main] org.hibernate.orm.deprecation            : HHH90000026: MySQL8Dialect has been deprecated; use org.hibernate.dialect.MySQLDialect instead
2025-11-11T23:15:25.231+05:30  INFO 54166 --- [lava] [main] org.hibernate.orm.connections.pooling    : HHH10001005: Database info:
	Database JDBC URL [Connecting through datasource 'HikariDataSource (HikariPool-1)']
	Database driver: undefined/unknown
	Database version: 8.0
	Autocommit mode: undefined/unknown
	Isolation level: undefined/unknown
	Minimum pool size: undefined/unknown
	Maximum pool size: undefined/unknown
2025-11-11T23:15:29.185+05:30  INFO 54166 --- [lava] [main] o.h.e.t.j.p.i.JtaPlatformInitiator       : HHH000489: No JTA platform available (set 'hibernate.transaction.jta.platform' to enable JTA platform integration)
2025-11-11T23:15:29.642+05:30  INFO 54166 --- [lava] [main] j.LocalContainerEntityManagerFactoryBean : Initialized JPA EntityManagerFactory for persistence unit 'default'
2025-11-11T23:15:29.760+05:30  WARN 54166 --- [lava] [main] JpaBaseConfiguration$JpaWebConfiguration : spring.jpa.open-in-view is enabled by default. Therefore, database queries may be performed during view rendering. Explicitly configure spring.jpa.open-in-view to disable this warning
2025-11-11T23:15:31.724+05:30  WARN 54166 --- [lava] [main] ConfigServletWebServerApplicationContext : Exception encountered during context initialization - cancelling refresh attempt: org.springframework.beans.factory.BeanCreationException: Error creating bean with name 'companyRepo' defined in com.lava.lava.repository.CompanyRepo defined in @EnableJpaRepositories declared on JpaRepositoriesRegistrar.EnableJpaRepositoriesConfiguration: Could not create query for public abstract java.util.List com.lava.lava.repository.CompanyRepo.findByCompanyStatus(com.lava.lava.enums.CompanyStatus); Reason: Failed to create query for method public abstract java.util.List com.lava.lava.repository.CompanyRepo.findByCompanyStatus(com.lava.lava.enums.CompanyStatus); No property 'companyStatus' found for type 'Company'
2025-11-11T23:15:31.726+05:30  INFO 54166 --- [lava] [main] j.LocalContainerEntityManagerFactoryBean : Closing JPA EntityManagerFactory for persistence unit 'default'
2025-11-11T23:15:31.737+05:30  INFO 54166 --- [lava] [main] com.zaxxer.hikari.HikariDataSource       : HikariPool-1 - Shutdown initiated...
2025-11-11T23:15:31.784+05:30  INFO 54166 --- [lava] [main] com.zaxxer.hikari.HikariDataSource       : HikariPool-1 - Shutdown completed.
2025-11-11T23:15:31.792+05:30  INFO 54166 --- [lava] [main] o.apache.catalina.core.StandardService   : Stopping service [Tomcat]
2025-11-11T23:15:31.833+05:30  INFO 54166 --- [lava] [main] .s.b.a.l.ConditionEvaluationReportLogger : 

Error starting ApplicationContext. To display the condition evaluation report re-run your application with 'debug' enabled.
2025-11-11T23:15:31.903+05:30 ERROR 54166 --- [lava] [main] o.s.boot.SpringApplication               : Application run failed

org.springframework.beans.factory.BeanCreationException: Error creating bean with name 'companyRepo' defined in com.lava.lava.repository.CompanyRepo defined in @EnableJpaRepositories declared on JpaRepositoriesRegistrar.EnableJpaRepositoriesConfiguration: Could not create query for public abstract java.util.List com.lava.lava.repository.CompanyRepo.findByCompanyStatus(com.lava.lava.enums.CompanyStatus); Reason: Failed to create query for method public abstract java.util.List com.lava.lava.repository.CompanyRepo.findByCompanyStatus(com.lava.lava.enums.CompanyStatus); No property 'companyStatus' found for type 'Company'
	at org.springframework.beans.factory.support.AbstractAutowireCapableBeanFactory.initializeBean(AbstractAutowireCapableBeanFactory.java:1826) ~[spring-beans-6.2.12.jar:6.2.12]
	at org.springframework.beans.factory.support.AbstractAutowireCapableBeanFactory.doCreateBean(AbstractAutowireCapableBeanFactory.java:607) ~[spring-beans-6.2.12.jar:6.2.12]
	at org.springframework.beans.factory.support.AbstractAutowireCapableBeanFactory.createBean(AbstractAutowireCapableBeanFactory.java:529) ~[spring-beans-6.2.12.jar:6.2.12]
	at org.springframework.beans.factory.support.AbstractBeanFactory.lambda$doGetBean$0(AbstractBeanFactory.java:339) ~[spring-beans-6.2.12.jar:6.2.12]
	at org.springframework.beans.factory.support.DefaultSingletonBeanRegistry.getSingleton(DefaultSingletonBeanRegistry.java:373) ~[spring-beans-6.2.12.jar:6.2.12]
	at org.springframework.beans.factory.support.AbstractBeanFactory.doGetBean(AbstractBeanFactory.java:337) ~[spring-beans-6.2.12.jar:6.2.12]
	at org.springframework.beans.factory.support.AbstractBeanFactory.getBean(AbstractBeanFactory.java:202) ~[spring-beans-6.2.12.jar:6.2.12]
	at org.springframework.beans.factory.support.DefaultListableBeanFactory.instantiateSingleton(DefaultListableBeanFactory.java:1222) ~[spring-beans-6.2.12.jar:6.2.12]
	at org.springframework.beans.factory.support.DefaultListableBeanFactory.preInstantiateSingleton(DefaultListableBeanFactory.java:1194) ~[spring-beans-6.2.12.jar:6.2.12]
	at org.springframework.beans.factory.support.DefaultListableBeanFactory.preInstantiateSingletons(DefaultListableBeanFactory.java:1130) ~[spring-beans-6.2.12.jar:6.2.12]
	at org.springframework.context.support.AbstractApplicationContext.finishBeanFactoryInitialization(AbstractApplicationContext.java:990) ~[spring-context-6.2.12.jar:6.2.12]
	at org.springframework.context.support.AbstractApplicationContext.refresh(AbstractApplicationContext.java:627) ~[spring-context-6.2.12.jar:6.2.12]
	at org.springframework.boot.web.servlet.context.ServletWebServerApplicationContext.refresh(ServletWebServerApplicationContext.java:146) ~[spring-boot-3.5.7.jar:3.5.7]
	at org.springframework.boot.SpringApplication.refresh(SpringApplication.java:752) ~[spring-boot-3.5.7.jar:3.5.7]
	at org.springframework.boot.SpringApplication.refreshContext(SpringApplication.java:439) ~[spring-boot-3.5.7.jar:3.5.7]
	at org.springframework.boot.SpringApplication.run(SpringApplication.java:318) ~[spring-boot-3.5.7.jar:3.5.7]
	at org.springframework.boot.SpringApplication.run(SpringApplication.java:1361) ~[spring-boot-3.5.7.jar:3.5.7]
	at org.springframework.boot.SpringApplication.run(SpringApplication.java:1350) ~[spring-boot-3.5.7.jar:3.5.7]
	at com.lava.lava.LavaApplication.main(LavaApplication.java:13) ~[classes/:na]
Caused by: org.springframework.data.repository.query.QueryCreationException: Could not create query for public abstract java.util.List com.lava.lava.repository.CompanyRepo.findByCompanyStatus(com.lava.lava.enums.CompanyStatus); Reason: Failed to create query for method public abstract java.util.List com.lava.lava.repository.CompanyRepo.findByCompanyStatus(com.lava.lava.enums.CompanyStatus); No property 'companyStatus' found for type 'Company'
	at org.springframework.data.repository.query.QueryCreationException.create(QueryCreationException.java:101) ~[spring-data-commons-3.5.5.jar:3.5.5]
	at org.springframework.data.repository.core.support.QueryExecutorMethodInterceptor.lookupQuery(QueryExecutorMethodInterceptor.java:120) ~[spring-data-commons-3.5.5.jar:3.5.5]
	at org.springframework.data.repository.core.support.QueryExecutorMethodInterceptor.mapMethodsToQuery(QueryExecutorMethodInterceptor.java:104) ~[spring-data-commons-3.5.5.jar:3.5.5]
	at org.springframework.data.repository.core.support.QueryExecutorMethodInterceptor.lambda$new$0(QueryExecutorMethodInterceptor.java:92) ~[spring-data-commons-3.5.5.jar:3.5.5]
	at java.base/java.util.Optional.map(Optional.java:260) ~[na:na]
	at org.springframework.data.repository.core.support.QueryExecutorMethodInterceptor.<init>(QueryExecutorMethodInterceptor.java:92) ~[spring-data-commons-3.5.5.jar:3.5.5]
	at org.springframework.data.repository.core.support.RepositoryFactorySupport.getRepository(RepositoryFactorySupport.java:434) ~[spring-data-commons-3.5.5.jar:3.5.5]
	at org.springframework.data.repository.core.support.RepositoryFactoryBeanSupport.lambda$afterPropertiesSet$4(RepositoryFactoryBeanSupport.java:350) ~[spring-data-commons-3.5.5.jar:3.5.5]
	at org.springframework.data.util.Lazy.getNullable(Lazy.java:135) ~[spring-data-commons-3.5.5.jar:3.5.5]
	at org.springframework.data.util.Lazy.get(Lazy.java:113) ~[spring-data-commons-3.5.5.jar:3.5.5]
	at org.springframework.data.repository.core.support.RepositoryFactoryBeanSupport.afterPropertiesSet(RepositoryFactoryBeanSupport.java:356) ~[spring-data-commons-3.5.5.jar:3.5.5]
	at org.springframework.data.jpa.repository.support.JpaRepositoryFactoryBean.afterPropertiesSet(JpaRepositoryFactoryBean.java:132) ~[spring-data-jpa-3.5.5.jar:3.5.5]
	at org.springframework.beans.factory.support.AbstractAutowireCapableBeanFactory.invokeInitMethods(AbstractAutowireCapableBeanFactory.java:1873) ~[spring-beans-6.2.12.jar:6.2.12]
	at org.springframework.beans.factory.support.AbstractAutowireCapableBeanFactory.initializeBean(AbstractAutowireCapableBeanFactory.java:1822) ~[spring-beans-6.2.12.jar:6.2.12]
	... 18 common frames omitted
Caused by: java.lang.IllegalArgumentException: Failed to create query for method public abstract java.util.List com.lava.lava.repository.CompanyRepo.findByCompanyStatus(com.lava.lava.enums.CompanyStatus); No property 'companyStatus' found for type 'Company'
	at org.springframework.data.jpa.repository.query.PartTreeJpaQuery.<init>(PartTreeJpaQuery.java:107) ~[spring-data-jpa-3.5.5.jar:3.5.5]
	at org.springframework.data.jpa.repository.query.JpaQueryLookupStrategy$CreateQueryLookupStrategy.resolveQuery(JpaQueryLookupStrategy.java:128) ~[spring-data-jpa-3.5.5.jar:3.5.5]
	at org.springframework.data.jpa.repository.query.JpaQueryLookupStrategy$CreateIfNotFoundQueryLookupStrategy.resolveQuery(JpaQueryLookupStrategy.java:260) ~[spring-data-jpa-3.5.5.jar:3.5.5]
	at org.springframework.data.jpa.repository.query.JpaQueryLookupStrategy$AbstractQueryLookupStrategy.resolveQuery(JpaQueryLookupStrategy.java:99) ~[spring-data-jpa-3.5.5.jar:3.5.5]
	at org.springframework.data.repository.core.support.QueryExecutorMethodInterceptor.lookupQuery(QueryExecutorMethodInterceptor.java:116) ~[spring-data-commons-3.5.5.jar:3.5.5]
	... 30 common frames omitted
Caused by: org.springframework.data.mapping.PropertyReferenceException: No property 'companyStatus' found for type 'Company'
	at org.springframework.data.mapping.PropertyPath.<init>(PropertyPath.java:94) ~[spring-data-commons-3.5.5.jar:3.5.5]
	at org.springframework.data.mapping.PropertyPath.create(PropertyPath.java:455) ~[spring-data-commons-3.5.5.jar:3.5.5]
	at org.springframework.data.mapping.PropertyPath.create(PropertyPath.java:431) ~[spring-data-commons-3.5.5.jar:3.5.5]
	at org.springframework.data.mapping.PropertyPath.lambda$from$0(PropertyPath.java:384) ~[spring-data-commons-3.5.5.jar:3.5.5]
	at java.base/java.util.concurrent.ConcurrentMap.computeIfAbsent(ConcurrentMap.java:330) ~[na:na]
	at org.springframework.data.mapping.PropertyPath.from(PropertyPath.java:366) ~[spring-data-commons-3.5.5.jar:3.5.5]
	at org.springframework.data.mapping.PropertyPath.from(PropertyPath.java:344) ~[spring-data-commons-3.5.5.jar:3.5.5]
	at org.springframework.data.repository.query.parser.Part.<init>(Part.java:81) ~[spring-data-commons-3.5.5.jar:3.5.5]
	at org.springframework.data.repository.query.parser.PartTree$OrPart.lambda$new$0(PartTree.java:259) ~[spring-data-commons-3.5.5.jar:3.5.5]
	at java.base/java.util.stream.ReferencePipeline$3$1.accept(ReferencePipeline.java:197) ~[na:na]
	at java.base/java.util.stream.ReferencePipeline$2$1.accept(ReferencePipeline.java:179) ~[na:na]
	at java.base/java.util.Spliterators$ArraySpliterator.forEachRemaining(Spliterators.java:992) ~[na:na]
	at java.base/java.util.stream.AbstractPipeline.copyInto(AbstractPipeline.java:509) ~[na:na]
	at java.base/java.util.stream.AbstractPipeline.wrapAndCopyInto(AbstractPipeline.java:499) ~[na:na]
	at java.base/java.util.stream.ReduceOps$ReduceOp.evaluateSequential(ReduceOps.java:921) ~[na:na]
	at java.base/java.util.stream.AbstractPipeline.evaluate(AbstractPipeline.java:234) ~[na:na]
	at java.base/java.util.stream.ReferencePipeline.collect(ReferencePipeline.java:682) ~[na:na]
	at org.springframework.data.repository.query.parser.PartTree$OrPart.<init>(PartTree.java:260) ~[spring-data-commons-3.5.5.jar:3.5.5]
	at org.springframework.data.repository.query.parser.PartTree$Predicate.lambda$new$0(PartTree.java:389) ~[spring-data-commons-3.5.5.jar:3.5.5]
	at java.base/java.util.stream.ReferencePipeline$3$1.accept(ReferencePipeline.java:197) ~[na:na]
	at java.base/java.util.stream.ReferencePipeline$2$1.accept(ReferencePipeline.java:179) ~[na:na]
	at java.base/java.util.Spliterators$ArraySpliterator.forEachRemaining(Spliterators.java:992) ~[na:na]
	at java.base/java.util.stream.AbstractPipeline.copyInto(AbstractPipeline.java:509) ~[na:na]
	at java.base/java.util.stream.AbstractPipeline.wrapAndCopyInto(AbstractPipeline.java:499) ~[na:na]
	at java.base/java.util.stream.ReduceOps$ReduceOp.evaluateSequential(ReduceOps.java:921) ~[na:na]
	at java.base/java.util.stream.AbstractPipeline.evaluate(AbstractPipeline.java:234) ~[na:na]
	at java.base/java.util.stream.ReferencePipeline.collect(ReferencePipeline.java:682) ~[na:na]
	at org.springframework.data.repository.query.parser.PartTree$Predicate.<init>(PartTree.java:390) ~[spring-data-commons-3.5.5.jar:3.5.5]
	at org.springframework.data.repository.query.parser.PartTree.<init>(PartTree.java:103) ~[spring-data-commons-3.5.5.jar:3.5.5]
	at org.springframework.data.jpa.repository.query.PartTreeJpaQuery.<init>(PartTreeJpaQuery.java:101) ~[spring-data-jpa-3.5.5.jar:3.5.5]
	... 34 common frames omitted

2025-11-11T23:19:49.959+05:30  INFO 54468 --- [lava] [main] com.lava.lava.LavaApplication            : Starting LavaApplication using Java 17.0.16 with PID 54468 (/home/sathsara/Desktop/lava project demo/lava/target/classes started by sathsara in /home/sathsara/Desktop/lava project demo/lava)
2025-11-11T23:19:49.992+05:30  INFO 54468 --- [lava] [main] com.lava.lava.LavaApplication            : No active profile set, falling back to 1 default profile: "default"
2025-11-11T23:19:54.323+05:30  INFO 54468 --- [lava] [main] .s.d.r.c.RepositoryConfigurationDelegate : Bootstrapping Spring Data JPA repositories in DEFAULT mode.
2025-11-11T23:19:54.901+05:30  INFO 54468 --- [lava] [main] .s.d.r.c.RepositoryConfigurationDelegate : Finished Spring Data repository scanning in 544 ms. Found 13 JPA repository interfaces.
2025-11-11T23:19:57.741+05:30  INFO 54468 --- [lava] [main] o.s.b.w.embedded.tomcat.TomcatWebServer  : Tomcat initialized with port 8080 (http)
2025-11-11T23:19:57.841+05:30  INFO 54468 --- [lava] [main] o.apache.catalina.core.StandardService   : Starting service [Tomcat]
2025-11-11T23:19:57.842+05:30  INFO 54468 --- [lava] [main] o.apache.catalina.core.StandardEngine    : Starting Servlet engine: [Apache Tomcat/10.1.48]
2025-11-11T23:19:58.034+05:30  INFO 54468 --- [lava] [main] o.a.c.c.C.[Tomcat].[localhost].[/]       : Initializing Spring embedded WebApplicationContext
2025-11-11T23:19:58.037+05:30  INFO 54468 --- [lava] [main] w.s.c.ServletWebServerApplicationContext : Root WebApplicationContext: initialization completed in 7676 ms
2025-11-11T23:19:58.935+05:30  INFO 54468 --- [lava] [main] o.hibernate.jpa.internal.util.LogHelper  : HHH000204: Processing PersistenceUnitInfo [name: default]
2025-11-11T23:19:59.066+05:30  INFO 54468 --- [lava] [main] org.hibernate.Version                    : HHH000412: Hibernate ORM core version 6.6.33.Final
2025-11-11T23:19:59.204+05:30  INFO 54468 --- [lava] [main] o.h.c.internal.RegionFactoryInitiator    : HHH000026: Second-level cache disabled
2025-11-11T23:20:00.232+05:30  INFO 54468 --- [lava] [main] o.s.o.j.p.SpringPersistenceUnitInfo      : No LoadTimeWeaver setup: ignoring JPA class transformer
2025-11-11T23:20:00.337+05:30  INFO 54468 --- [lava] [main] com.zaxxer.hikari.HikariDataSource       : HikariPool-1 - Starting...
2025-11-11T23:20:01.050+05:30  INFO 54468 --- [lava] [main] com.zaxxer.hikari.pool.HikariPool        : HikariPool-1 - Added connection com.mysql.cj.jdbc.ConnectionImpl@472c9f88
2025-11-11T23:20:01.056+05:30  INFO 54468 --- [lava] [main] com.zaxxer.hikari.HikariDataSource       : HikariPool-1 - Start completed.
2025-11-11T23:20:01.181+05:30  WARN 54468 --- [lava] [main] org.hibernate.orm.deprecation            : HHH90000025: MySQL8Dialect does not need to be specified explicitly using 'hibernate.dialect' (remove the property setting and it will be selected by default)
2025-11-11T23:20:01.185+05:30  WARN 54468 --- [lava] [main] org.hibernate.orm.deprecation            : HHH90000026: MySQL8Dialect has been deprecated; use org.hibernate.dialect.MySQLDialect instead
2025-11-11T23:20:01.254+05:30  INFO 54468 --- [lava] [main] org.hibernate.orm.connections.pooling    : HHH10001005: Database info:
	Database JDBC URL [Connecting through datasource 'HikariDataSource (HikariPool-1)']
	Database driver: undefined/unknown
	Database version: 8.0
	Autocommit mode: undefined/unknown
	Isolation level: undefined/unknown
	Minimum pool size: undefined/unknown
	Maximum pool size: undefined/unknown
2025-11-11T23:20:04.983+05:30  INFO 54468 --- [lava] [main] o.h.e.t.j.p.i.JtaPlatformInitiator       : HHH000489: No JTA platform available (set 'hibernate.transaction.jta.platform' to enable JTA platform integration)
2025-11-11T23:20:05.523+05:30  INFO 54468 --- [lava] [main] j.LocalContainerEntityManagerFactoryBean : Initialized JPA EntityManagerFactory for persistence unit 'default'
2025-11-11T23:20:05.704+05:30  WARN 54468 --- [lava] [main] JpaBaseConfiguration$JpaWebConfiguration : spring.jpa.open-in-view is enabled by default. Therefore, database queries may be performed during view rendering. Explicitly configure spring.jpa.open-in-view to disable this warning
2025-11-11T23:20:07.925+05:30  WARN 54468 --- [lava] [main] ConfigServletWebServerApplicationContext : Exception encountered during context initialization - cancelling refresh attempt: org.springframework.beans.factory.BeanCreationException: Error creating bean with name 'roleRepo' defined in com.lava.lava.repository.RoleRepo defined in @EnableJpaRepositories declared on JpaRepositoriesRegistrar.EnableJpaRepositoriesConfiguration: Could not create query for public abstract java.util.List com.lava.lava.repository.RoleRepo.findByRoleName(com.lava.lava.enums.RoleName); Reason: Failed to create query for method public abstract java.util.List com.lava.lava.repository.RoleRepo.findByRoleName(com.lava.lava.enums.RoleName); No property 'roleName' found for type 'Role'
2025-11-11T23:20:07.928+05:30  INFO 54468 --- [lava] [main] j.LocalContainerEntityManagerFactoryBean : Closing JPA EntityManagerFactory for persistence unit 'default'
2025-11-11T23:20:07.937+05:30  INFO 54468 --- [lava] [main] com.zaxxer.hikari.HikariDataSource       : HikariPool-1 - Shutdown initiated...
2025-11-11T23:20:07.963+05:30  INFO 54468 --- [lava] [main] com.zaxxer.hikari.HikariDataSource       : HikariPool-1 - Shutdown completed.
2025-11-11T23:20:07.975+05:30  INFO 54468 --- [lava] [main] o.apache.catalina.core.StandardService   : Stopping service [Tomcat]
2025-11-11T23:20:08.018+05:30  INFO 54468 --- [lava] [main] .s.b.a.l.ConditionEvaluationReportLogger : 

Error starting ApplicationContext. To display the condition evaluation report re-run your application with 'debug' enabled.
2025-11-11T23:20:08.064+05:30 ERROR 54468 --- [lava] [main] o.s.boot.SpringApplication               : Application run failed

org.springframework.beans.factory.BeanCreationException: Error creating bean with name 'roleRepo' defined in com.lava.lava.repository.RoleRepo defined in @EnableJpaRepositories declared on JpaRepositoriesRegistrar.EnableJpaRepositoriesConfiguration: Could not create query for public abstract java.util.List com.lava.lava.repository.RoleRepo.findByRoleName(com.lava.lava.enums.RoleName); Reason: Failed to create query for method public abstract java.util.List com.lava.lava.repository.RoleRepo.findByRoleName(com.lava.lava.enums.RoleName); No property 'roleName' found for type 'Role'
	at org.springframework.beans.factory.support.AbstractAutowireCapableBeanFactory.initializeBean(AbstractAutowireCapableBeanFactory.java:1826) ~[spring-beans-6.2.12.jar:6.2.12]
	at org.springframework.beans.factory.support.AbstractAutowireCapableBeanFactory.doCreateBean(AbstractAutowireCapableBeanFactory.java:607) ~[spring-beans-6.2.12.jar:6.2.12]
	at org.springframework.beans.factory.support.AbstractAutowireCapableBeanFactory.createBean(AbstractAutowireCapableBeanFactory.java:529) ~[spring-beans-6.2.12.jar:6.2.12]
	at org.springframework.beans.factory.support.AbstractBeanFactory.lambda$doGetBean$0(AbstractBeanFactory.java:339) ~[spring-beans-6.2.12.jar:6.2.12]
	at org.springframework.beans.factory.support.DefaultSingletonBeanRegistry.getSingleton(DefaultSingletonBeanRegistry.java:373) ~[spring-beans-6.2.12.jar:6.2.12]
	at org.springframework.beans.factory.support.AbstractBeanFactory.doGetBean(AbstractBeanFactory.java:337) ~[spring-beans-6.2.12.jar:6.2.12]
	at org.springframework.beans.factory.support.AbstractBeanFactory.getBean(AbstractBeanFactory.java:202) ~[spring-beans-6.2.12.jar:6.2.12]
	at org.springframework.beans.factory.support.DefaultListableBeanFactory.instantiateSingleton(DefaultListableBeanFactory.java:1222) ~[spring-beans-6.2.12.jar:6.2.12]
	at org.springframework.beans.factory.support.DefaultListableBeanFactory.preInstantiateSingleton(DefaultListableBeanFactory.java:1194) ~[spring-beans-6.2.12.jar:6.2.12]
	at org.springframework.beans.factory.support.DefaultListableBeanFactory.preInstantiateSingletons(DefaultListableBeanFactory.java:1130) ~[spring-beans-6.2.12.jar:6.2.12]
	at org.springframework.context.support.AbstractApplicationContext.finishBeanFactoryInitialization(AbstractApplicationContext.java:990) ~[spring-context-6.2.12.jar:6.2.12]
	at org.springframework.context.support.AbstractApplicationContext.refresh(AbstractApplicationContext.java:627) ~[spring-context-6.2.12.jar:6.2.12]
	at org.springframework.boot.web.servlet.context.ServletWebServerApplicationContext.refresh(ServletWebServerApplicationContext.java:146) ~[spring-boot-3.5.7.jar:3.5.7]
	at org.springframework.boot.SpringApplication.refresh(SpringApplication.java:752) ~[spring-boot-3.5.7.jar:3.5.7]
	at org.springframework.boot.SpringApplication.refreshContext(SpringApplication.java:439) ~[spring-boot-3.5.7.jar:3.5.7]
	at org.springframework.boot.SpringApplication.run(SpringApplication.java:318) ~[spring-boot-3.5.7.jar:3.5.7]
	at org.springframework.boot.SpringApplication.run(SpringApplication.java:1361) ~[spring-boot-3.5.7.jar:3.5.7]
	at org.springframework.boot.SpringApplication.run(SpringApplication.java:1350) ~[spring-boot-3.5.7.jar:3.5.7]
	at com.lava.lava.LavaApplication.main(LavaApplication.java:13) ~[classes/:na]
Caused by: org.springframework.data.repository.query.QueryCreationException: Could not create query for public abstract java.util.List com.lava.lava.repository.RoleRepo.findByRoleName(com.lava.lava.enums.RoleName); Reason: Failed to create query for method public abstract java.util.List com.lava.lava.repository.RoleRepo.findByRoleName(com.lava.lava.enums.RoleName); No property 'roleName' found for type 'Role'
	at org.springframework.data.repository.query.QueryCreationException.create(QueryCreationException.java:101) ~[spring-data-commons-3.5.5.jar:3.5.5]
	at org.springframework.data.repository.core.support.QueryExecutorMethodInterceptor.lookupQuery(QueryExecutorMethodInterceptor.java:120) ~[spring-data-commons-3.5.5.jar:3.5.5]
	at org.springframework.data.repository.core.support.QueryExecutorMethodInterceptor.mapMethodsToQuery(QueryExecutorMethodInterceptor.java:104) ~[spring-data-commons-3.5.5.jar:3.5.5]
	at org.springframework.data.repository.core.support.QueryExecutorMethodInterceptor.lambda$new$0(QueryExecutorMethodInterceptor.java:92) ~[spring-data-commons-3.5.5.jar:3.5.5]
	at java.base/java.util.Optional.map(Optional.java:260) ~[na:na]
	at org.springframework.data.repository.core.support.QueryExecutorMethodInterceptor.<init>(QueryExecutorMethodInterceptor.java:92) ~[spring-data-commons-3.5.5.jar:3.5.5]
	at org.springframework.data.repository.core.support.RepositoryFactorySupport.getRepository(RepositoryFactorySupport.java:434) ~[spring-data-commons-3.5.5.jar:3.5.5]
	at org.springframework.data.repository.core.support.RepositoryFactoryBeanSupport.lambda$afterPropertiesSet$4(RepositoryFactoryBeanSupport.java:350) ~[spring-data-commons-3.5.5.jar:3.5.5]
	at org.springframework.data.util.Lazy.getNullable(Lazy.java:135) ~[spring-data-commons-3.5.5.jar:3.5.5]
	at org.springframework.data.util.Lazy.get(Lazy.java:113) ~[spring-data-commons-3.5.5.jar:3.5.5]
	at org.springframework.data.repository.core.support.RepositoryFactoryBeanSupport.afterPropertiesSet(RepositoryFactoryBeanSupport.java:356) ~[spring-data-commons-3.5.5.jar:3.5.5]
	at org.springframework.data.jpa.repository.support.JpaRepositoryFactoryBean.afterPropertiesSet(JpaRepositoryFactoryBean.java:132) ~[spring-data-jpa-3.5.5.jar:3.5.5]
	at org.springframework.beans.factory.support.AbstractAutowireCapableBeanFactory.invokeInitMethods(AbstractAutowireCapableBeanFactory.java:1873) ~[spring-beans-6.2.12.jar:6.2.12]
	at org.springframework.beans.factory.support.AbstractAutowireCapableBeanFactory.initializeBean(AbstractAutowireCapableBeanFactory.java:1822) ~[spring-beans-6.2.12.jar:6.2.12]
	... 18 common frames omitted
Caused by: java.lang.IllegalArgumentException: Failed to create query for method public abstract java.util.List com.lava.lava.repository.RoleRepo.findByRoleName(com.lava.lava.enums.RoleName); No property 'roleName' found for type 'Role'
	at org.springframework.data.jpa.repository.query.PartTreeJpaQuery.<init>(PartTreeJpaQuery.java:107) ~[spring-data-jpa-3.5.5.jar:3.5.5]
	at org.springframework.data.jpa.repository.query.JpaQueryLookupStrategy$CreateQueryLookupStrategy.resolveQuery(JpaQueryLookupStrategy.java:128) ~[spring-data-jpa-3.5.5.jar:3.5.5]
	at org.springframework.data.jpa.repository.query.JpaQueryLookupStrategy$CreateIfNotFoundQueryLookupStrategy.resolveQuery(JpaQueryLookupStrategy.java:260) ~[spring-data-jpa-3.5.5.jar:3.5.5]
	at org.springframework.data.jpa.repository.query.JpaQueryLookupStrategy$AbstractQueryLookupStrategy.resolveQuery(JpaQueryLookupStrategy.java:99) ~[spring-data-jpa-3.5.5.jar:3.5.5]
	at org.springframework.data.repository.core.support.QueryExecutorMethodInterceptor.lookupQuery(QueryExecutorMethodInterceptor.java:116) ~[spring-data-commons-3.5.5.jar:3.5.5]
	... 30 common frames omitted
Caused by: org.springframework.data.mapping.PropertyReferenceException: No property 'roleName' found for type 'Role'
	at org.springframework.data.mapping.PropertyPath.<init>(PropertyPath.java:94) ~[spring-data-commons-3.5.5.jar:3.5.5]
	at org.springframework.data.mapping.PropertyPath.create(PropertyPath.java:455) ~[spring-data-commons-3.5.5.jar:3.5.5]
	at org.springframework.data.mapping.PropertyPath.create(PropertyPath.java:431) ~[spring-data-commons-3.5.5.jar:3.5.5]
	at org.springframework.data.mapping.PropertyPath.lambda$from$0(PropertyPath.java:384) ~[spring-data-commons-3.5.5.jar:3.5.5]
	at java.base/java.util.concurrent.ConcurrentMap.computeIfAbsent(ConcurrentMap.java:330) ~[na:na]
	at org.springframework.data.mapping.PropertyPath.from(PropertyPath.java:366) ~[spring-data-commons-3.5.5.jar:3.5.5]
	at org.springframework.data.mapping.PropertyPath.from(PropertyPath.java:344) ~[spring-data-commons-3.5.5.jar:3.5.5]
	at org.springframework.data.repository.query.parser.Part.<init>(Part.java:81) ~[spring-data-commons-3.5.5.jar:3.5.5]
	at org.springframework.data.repository.query.parser.PartTree$OrPart.lambda$new$0(PartTree.java:259) ~[spring-data-commons-3.5.5.jar:3.5.5]
	at java.base/java.util.stream.ReferencePipeline$3$1.accept(ReferencePipeline.java:197) ~[na:na]
	at java.base/java.util.stream.ReferencePipeline$2$1.accept(ReferencePipeline.java:179) ~[na:na]
	at java.base/java.util.Spliterators$ArraySpliterator.forEachRemaining(Spliterators.java:992) ~[na:na]
	at java.base/java.util.stream.AbstractPipeline.copyInto(AbstractPipeline.java:509) ~[na:na]
	at java.base/java.util.stream.AbstractPipeline.wrapAndCopyInto(AbstractPipeline.java:499) ~[na:na]
	at java.base/java.util.stream.ReduceOps$ReduceOp.evaluateSequential(ReduceOps.java:921) ~[na:na]
	at java.base/java.util.stream.AbstractPipeline.evaluate(AbstractPipeline.java:234) ~[na:na]
	at java.base/java.util.stream.ReferencePipeline.collect(ReferencePipeline.java:682) ~[na:na]
	at org.springframework.data.repository.query.parser.PartTree$OrPart.<init>(PartTree.java:260) ~[spring-data-commons-3.5.5.jar:3.5.5]
	at org.springframework.data.repository.query.parser.PartTree$Predicate.lambda$new$0(PartTree.java:389) ~[spring-data-commons-3.5.5.jar:3.5.5]
	at java.base/java.util.stream.ReferencePipeline$3$1.accept(ReferencePipeline.java:197) ~[na:na]
	at java.base/java.util.stream.ReferencePipeline$2$1.accept(ReferencePipeline.java:179) ~[na:na]
	at java.base/java.util.Spliterators$ArraySpliterator.forEachRemaining(Spliterators.java:992) ~[na:na]
	at java.base/java.util.stream.AbstractPipeline.copyInto(AbstractPipeline.java:509) ~[na:na]
	at java.base/java.util.stream.AbstractPipeline.wrapAndCopyInto(AbstractPipeline.java:499) ~[na:na]
	at java.base/java.util.stream.ReduceOps$ReduceOp.evaluateSequential(ReduceOps.java:921) ~[na:na]
	at java.base/java.util.stream.AbstractPipeline.evaluate(AbstractPipeline.java:234) ~[na:na]
	at java.base/java.util.stream.ReferencePipeline.collect(ReferencePipeline.java:682) ~[na:na]
	at org.springframework.data.repository.query.parser.PartTree$Predicate.<init>(PartTree.java:390) ~[spring-data-commons-3.5.5.jar:3.5.5]
	at org.springframework.data.repository.query.parser.PartTree.<init>(PartTree.java:103) ~[spring-data-commons-3.5.5.jar:3.5.5]
	at org.springframework.data.jpa.repository.query.PartTreeJpaQuery.<init>(PartTreeJpaQuery.java:101) ~[spring-data-jpa-3.5.5.jar:3.5.5]
	... 34 common frames omitted

2025-11-11T23:21:43.819+05:30  INFO 54620 --- [lava] [main] com.lava.lava.LavaApplication            : Starting LavaApplication using Java 17.0.16 with PID 54620 (/home/sathsara/Desktop/lava project demo/lava/target/classes started by sathsara in /home/sathsara/Desktop/lava project demo/lava)
2025-11-11T23:21:43.854+05:30  INFO 54620 --- [lava] [main] com.lava.lava.LavaApplication            : No active profile set, falling back to 1 default profile: "default"
2025-11-11T23:21:46.579+05:30  INFO 54620 --- [lava] [main] .s.d.r.c.RepositoryConfigurationDelegate : Bootstrapping Spring Data JPA repositories in DEFAULT mode.
2025-11-11T23:21:46.969+05:30  INFO 54620 --- [lava] [main] .s.d.r.c.RepositoryConfigurationDelegate : Finished Spring Data repository scanning in 351 ms. Found 13 JPA repository interfaces.
2025-11-11T23:21:49.250+05:30  INFO 54620 --- [lava] [main] o.s.b.w.embedded.tomcat.TomcatWebServer  : Tomcat initialized with port 8080 (http)
2025-11-11T23:21:49.290+05:30  INFO 54620 --- [lava] [main] o.apache.catalina.core.StandardService   : Starting service [Tomcat]
2025-11-11T23:21:49.291+05:30  INFO 54620 --- [lava] [main] o.apache.catalina.core.StandardEngine    : Starting Servlet engine: [Apache Tomcat/10.1.48]
2025-11-11T23:21:49.458+05:30  INFO 54620 --- [lava] [main] o.a.c.c.C.[Tomcat].[localhost].[/]       : Initializing Spring embedded WebApplicationContext
2025-11-11T23:21:49.460+05:30  INFO 54620 --- [lava] [main] w.s.c.ServletWebServerApplicationContext : Root WebApplicationContext: initialization completed in 5365 ms
2025-11-11T23:21:50.088+05:30  INFO 54620 --- [lava] [main] o.hibernate.jpa.internal.util.LogHelper  : HHH000204: Processing PersistenceUnitInfo [name: default]
2025-11-11T23:21:50.230+05:30  INFO 54620 --- [lava] [main] org.hibernate.Version                    : HHH000412: Hibernate ORM core version 6.6.33.Final
2025-11-11T23:21:50.340+05:30  INFO 54620 --- [lava] [main] o.h.c.internal.RegionFactoryInitiator    : HHH000026: Second-level cache disabled
2025-11-11T23:21:51.326+05:30  INFO 54620 --- [lava] [main] o.s.o.j.p.SpringPersistenceUnitInfo      : No LoadTimeWeaver setup: ignoring JPA class transformer
2025-11-11T23:21:51.410+05:30  INFO 54620 --- [lava] [main] com.zaxxer.hikari.HikariDataSource       : HikariPool-1 - Starting...
2025-11-11T23:21:51.933+05:30  INFO 54620 --- [lava] [main] com.zaxxer.hikari.pool.HikariPool        : HikariPool-1 - Added connection com.mysql.cj.jdbc.ConnectionImpl@7534785a
2025-11-11T23:21:51.939+05:30  INFO 54620 --- [lava] [main] com.zaxxer.hikari.HikariDataSource       : HikariPool-1 - Start completed.
2025-11-11T23:21:52.065+05:30  WARN 54620 --- [lava] [main] org.hibernate.orm.deprecation            : HHH90000025: MySQL8Dialect does not need to be specified explicitly using 'hibernate.dialect' (remove the property setting and it will be selected by default)
2025-11-11T23:21:52.068+05:30  WARN 54620 --- [lava] [main] org.hibernate.orm.deprecation            : HHH90000026: MySQL8Dialect has been deprecated; use org.hibernate.dialect.MySQLDialect instead
2025-11-11T23:21:52.133+05:30  INFO 54620 --- [lava] [main] org.hibernate.orm.connections.pooling    : HHH10001005: Database info:
	Database JDBC URL [Connecting through datasource 'HikariDataSource (HikariPool-1)']
	Database driver: undefined/unknown
	Database version: 8.0
	Autocommit mode: undefined/unknown
	Isolation level: undefined/unknown
	Minimum pool size: undefined/unknown
	Maximum pool size: undefined/unknown
2025-11-11T23:21:56.540+05:30  INFO 54620 --- [lava] [main] o.h.e.t.j.p.i.JtaPlatformInitiator       : HHH000489: No JTA platform available (set 'hibernate.transaction.jta.platform' to enable JTA platform integration)
2025-11-11T23:21:57.097+05:30  INFO 54620 --- [lava] [main] j.LocalContainerEntityManagerFactoryBean : Initialized JPA EntityManagerFactory for persistence unit 'default'
2025-11-11T23:21:57.206+05:30  WARN 54620 --- [lava] [main] JpaBaseConfiguration$JpaWebConfiguration : spring.jpa.open-in-view is enabled by default. Therefore, database queries may be performed during view rendering. Explicitly configure spring.jpa.open-in-view to disable this warning
2025-11-11T23:21:59.486+05:30  WARN 54620 --- [lava] [main] ConfigServletWebServerApplicationContext : Exception encountered during context initialization - cancelling refresh attempt: org.springframework.beans.factory.BeanCreationException: Error creating bean with name 'employeeRepo' defined in com.lava.lava.repository.EmployeeRepo defined in @EnableJpaRepositories declared on JpaRepositoriesRegistrar.EnableJpaRepositoriesConfiguration: Could not create query for public abstract java.util.List com.lava.lava.repository.EmployeeRepo.findByEmployeeStatus(com.lava.lava.enums.EmployeeStatus); Reason: Failed to create query for method public abstract java.util.List com.lava.lava.repository.EmployeeRepo.findByEmployeeStatus(com.lava.lava.enums.EmployeeStatus); No property 'employeeStatus' found for type 'Employee'
2025-11-11T23:21:59.489+05:30  INFO 54620 --- [lava] [main] j.LocalContainerEntityManagerFactoryBean : Closing JPA EntityManagerFactory for persistence unit 'default'
2025-11-11T23:21:59.499+05:30  INFO 54620 --- [lava] [main] com.zaxxer.hikari.HikariDataSource       : HikariPool-1 - Shutdown initiated...
2025-11-11T23:21:59.528+05:30  INFO 54620 --- [lava] [main] com.zaxxer.hikari.HikariDataSource       : HikariPool-1 - Shutdown completed.
2025-11-11T23:21:59.537+05:30  INFO 54620 --- [lava] [main] o.apache.catalina.core.StandardService   : Stopping service [Tomcat]
2025-11-11T23:21:59.578+05:30  INFO 54620 --- [lava] [main] .s.b.a.l.ConditionEvaluationReportLogger : 

Error starting ApplicationContext. To display the condition evaluation report re-run your application with 'debug' enabled.
2025-11-11T23:21:59.689+05:30 ERROR 54620 --- [lava] [main] o.s.boot.SpringApplication               : Application run failed

org.springframework.beans.factory.BeanCreationException: Error creating bean with name 'employeeRepo' defined in com.lava.lava.repository.EmployeeRepo defined in @EnableJpaRepositories declared on JpaRepositoriesRegistrar.EnableJpaRepositoriesConfiguration: Could not create query for public abstract java.util.List com.lava.lava.repository.EmployeeRepo.findByEmployeeStatus(com.lava.lava.enums.EmployeeStatus); Reason: Failed to create query for method public abstract java.util.List com.lava.lava.repository.EmployeeRepo.findByEmployeeStatus(com.lava.lava.enums.EmployeeStatus); No property 'employeeStatus' found for type 'Employee'
	at org.springframework.beans.factory.support.AbstractAutowireCapableBeanFactory.initializeBean(AbstractAutowireCapableBeanFactory.java:1826) ~[spring-beans-6.2.12.jar:6.2.12]
	at org.springframework.beans.factory.support.AbstractAutowireCapableBeanFactory.doCreateBean(AbstractAutowireCapableBeanFactory.java:607) ~[spring-beans-6.2.12.jar:6.2.12]
	at org.springframework.beans.factory.support.AbstractAutowireCapableBeanFactory.createBean(AbstractAutowireCapableBeanFactory.java:529) ~[spring-beans-6.2.12.jar:6.2.12]
	at org.springframework.beans.factory.support.AbstractBeanFactory.lambda$doGetBean$0(AbstractBeanFactory.java:339) ~[spring-beans-6.2.12.jar:6.2.12]
	at org.springframework.beans.factory.support.DefaultSingletonBeanRegistry.getSingleton(DefaultSingletonBeanRegistry.java:373) ~[spring-beans-6.2.12.jar:6.2.12]
	at org.springframework.beans.factory.support.AbstractBeanFactory.doGetBean(AbstractBeanFactory.java:337) ~[spring-beans-6.2.12.jar:6.2.12]
	at org.springframework.beans.factory.support.AbstractBeanFactory.getBean(AbstractBeanFactory.java:202) ~[spring-beans-6.2.12.jar:6.2.12]
	at org.springframework.beans.factory.support.DefaultListableBeanFactory.instantiateSingleton(DefaultListableBeanFactory.java:1222) ~[spring-beans-6.2.12.jar:6.2.12]
	at org.springframework.beans.factory.support.DefaultListableBeanFactory.preInstantiateSingleton(DefaultListableBeanFactory.java:1194) ~[spring-beans-6.2.12.jar:6.2.12]
	at org.springframework.beans.factory.support.DefaultListableBeanFactory.preInstantiateSingletons(DefaultListableBeanFactory.java:1130) ~[spring-beans-6.2.12.jar:6.2.12]
	at org.springframework.context.support.AbstractApplicationContext.finishBeanFactoryInitialization(AbstractApplicationContext.java:990) ~[spring-context-6.2.12.jar:6.2.12]
	at org.springframework.context.support.AbstractApplicationContext.refresh(AbstractApplicationContext.java:627) ~[spring-context-6.2.12.jar:6.2.12]
	at org.springframework.boot.web.servlet.context.ServletWebServerApplicationContext.refresh(ServletWebServerApplicationContext.java:146) ~[spring-boot-3.5.7.jar:3.5.7]
	at org.springframework.boot.SpringApplication.refresh(SpringApplication.java:752) ~[spring-boot-3.5.7.jar:3.5.7]
	at org.springframework.boot.SpringApplication.refreshContext(SpringApplication.java:439) ~[spring-boot-3.5.7.jar:3.5.7]
	at org.springframework.boot.SpringApplication.run(SpringApplication.java:318) ~[spring-boot-3.5.7.jar:3.5.7]
	at org.springframework.boot.SpringApplication.run(SpringApplication.java:1361) ~[spring-boot-3.5.7.jar:3.5.7]
	at org.springframework.boot.SpringApplication.run(SpringApplication.java:1350) ~[spring-boot-3.5.7.jar:3.5.7]
	at com.lava.lava.LavaApplication.main(LavaApplication.java:13) ~[classes/:na]
Caused by: org.springframework.data.repository.query.QueryCreationException: Could not create query for public abstract java.util.List com.lava.lava.repository.EmployeeRepo.findByEmployeeStatus(com.lava.lava.enums.EmployeeStatus); Reason: Failed to create query for method public abstract java.util.List com.lava.lava.repository.EmployeeRepo.findByEmployeeStatus(com.lava.lava.enums.EmployeeStatus); No property 'employeeStatus' found for type 'Employee'
	at org.springframework.data.repository.query.QueryCreationException.create(QueryCreationException.java:101) ~[spring-data-commons-3.5.5.jar:3.5.5]
	at org.springframework.data.repository.core.support.QueryExecutorMethodInterceptor.lookupQuery(QueryExecutorMethodInterceptor.java:120) ~[spring-data-commons-3.5.5.jar:3.5.5]
	at org.springframework.data.repository.core.support.QueryExecutorMethodInterceptor.mapMethodsToQuery(QueryExecutorMethodInterceptor.java:104) ~[spring-data-commons-3.5.5.jar:3.5.5]
	at org.springframework.data.repository.core.support.QueryExecutorMethodInterceptor.lambda$new$0(QueryExecutorMethodInterceptor.java:92) ~[spring-data-commons-3.5.5.jar:3.5.5]
	at java.base/java.util.Optional.map(Optional.java:260) ~[na:na]
	at org.springframework.data.repository.core.support.QueryExecutorMethodInterceptor.<init>(QueryExecutorMethodInterceptor.java:92) ~[spring-data-commons-3.5.5.jar:3.5.5]
	at org.springframework.data.repository.core.support.RepositoryFactorySupport.getRepository(RepositoryFactorySupport.java:434) ~[spring-data-commons-3.5.5.jar:3.5.5]
	at org.springframework.data.repository.core.support.RepositoryFactoryBeanSupport.lambda$afterPropertiesSet$4(RepositoryFactoryBeanSupport.java:350) ~[spring-data-commons-3.5.5.jar:3.5.5]
	at org.springframework.data.util.Lazy.getNullable(Lazy.java:135) ~[spring-data-commons-3.5.5.jar:3.5.5]
	at org.springframework.data.util.Lazy.get(Lazy.java:113) ~[spring-data-commons-3.5.5.jar:3.5.5]
	at org.springframework.data.repository.core.support.RepositoryFactoryBeanSupport.afterPropertiesSet(RepositoryFactoryBeanSupport.java:356) ~[spring-data-commons-3.5.5.jar:3.5.5]
	at org.springframework.data.jpa.repository.support.JpaRepositoryFactoryBean.afterPropertiesSet(JpaRepositoryFactoryBean.java:132) ~[spring-data-jpa-3.5.5.jar:3.5.5]
	at org.springframework.beans.factory.support.AbstractAutowireCapableBeanFactory.invokeInitMethods(AbstractAutowireCapableBeanFactory.java:1873) ~[spring-beans-6.2.12.jar:6.2.12]
	at org.springframework.beans.factory.support.AbstractAutowireCapableBeanFactory.initializeBean(AbstractAutowireCapableBeanFactory.java:1822) ~[spring-beans-6.2.12.jar:6.2.12]
	... 18 common frames omitted
Caused by: java.lang.IllegalArgumentException: Failed to create query for method public abstract java.util.List com.lava.lava.repository.EmployeeRepo.findByEmployeeStatus(com.lava.lava.enums.EmployeeStatus); No property 'employeeStatus' found for type 'Employee'
	at org.springframework.data.jpa.repository.query.PartTreeJpaQuery.<init>(PartTreeJpaQuery.java:107) ~[spring-data-jpa-3.5.5.jar:3.5.5]
	at org.springframework.data.jpa.repository.query.JpaQueryLookupStrategy$CreateQueryLookupStrategy.resolveQuery(JpaQueryLookupStrategy.java:128) ~[spring-data-jpa-3.5.5.jar:3.5.5]
	at org.springframework.data.jpa.repository.query.JpaQueryLookupStrategy$CreateIfNotFoundQueryLookupStrategy.resolveQuery(JpaQueryLookupStrategy.java:260) ~[spring-data-jpa-3.5.5.jar:3.5.5]
	at org.springframework.data.jpa.repository.query.JpaQueryLookupStrategy$AbstractQueryLookupStrategy.resolveQuery(JpaQueryLookupStrategy.java:99) ~[spring-data-jpa-3.5.5.jar:3.5.5]
	at org.springframework.data.repository.core.support.QueryExecutorMethodInterceptor.lookupQuery(QueryExecutorMethodInterceptor.java:116) ~[spring-data-commons-3.5.5.jar:3.5.5]
	... 30 common frames omitted
Caused by: org.springframework.data.mapping.PropertyReferenceException: No property 'employeeStatus' found for type 'Employee'
	at org.springframework.data.mapping.PropertyPath.<init>(PropertyPath.java:94) ~[spring-data-commons-3.5.5.jar:3.5.5]
	at org.springframework.data.mapping.PropertyPath.create(PropertyPath.java:455) ~[spring-data-commons-3.5.5.jar:3.5.5]
	at org.springframework.data.mapping.PropertyPath.create(PropertyPath.java:431) ~[spring-data-commons-3.5.5.jar:3.5.5]
	at org.springframework.data.mapping.PropertyPath.lambda$from$0(PropertyPath.java:384) ~[spring-data-commons-3.5.5.jar:3.5.5]
	at java.base/java.util.concurrent.ConcurrentMap.computeIfAbsent(ConcurrentMap.java:330) ~[na:na]
	at org.springframework.data.mapping.PropertyPath.from(PropertyPath.java:366) ~[spring-data-commons-3.5.5.jar:3.5.5]
	at org.springframework.data.mapping.PropertyPath.from(PropertyPath.java:344) ~[spring-data-commons-3.5.5.jar:3.5.5]
	at org.springframework.data.repository.query.parser.Part.<init>(Part.java:81) ~[spring-data-commons-3.5.5.jar:3.5.5]
	at org.springframework.data.repository.query.parser.PartTree$OrPart.lambda$new$0(PartTree.java:259) ~[spring-data-commons-3.5.5.jar:3.5.5]
	at java.base/java.util.stream.ReferencePipeline$3$1.accept(ReferencePipeline.java:197) ~[na:na]
	at java.base/java.util.stream.ReferencePipeline$2$1.accept(ReferencePipeline.java:179) ~[na:na]
	at java.base/java.util.Spliterators$ArraySpliterator.forEachRemaining(Spliterators.java:992) ~[na:na]
	at java.base/java.util.stream.AbstractPipeline.copyInto(AbstractPipeline.java:509) ~[na:na]
	at java.base/java.util.stream.AbstractPipeline.wrapAndCopyInto(AbstractPipeline.java:499) ~[na:na]
	at java.base/java.util.stream.ReduceOps$ReduceOp.evaluateSequential(ReduceOps.java:921) ~[na:na]
	at java.base/java.util.stream.AbstractPipeline.evaluate(AbstractPipeline.java:234) ~[na:na]
	at java.base/java.util.stream.ReferencePipeline.collect(ReferencePipeline.java:682) ~[na:na]
	at org.springframework.data.repository.query.parser.PartTree$OrPart.<init>(PartTree.java:260) ~[spring-data-commons-3.5.5.jar:3.5.5]
	at org.springframework.data.repository.query.parser.PartTree$Predicate.lambda$new$0(PartTree.java:389) ~[spring-data-commons-3.5.5.jar:3.5.5]
	at java.base/java.util.stream.ReferencePipeline$3$1.accept(ReferencePipeline.java:197) ~[na:na]
	at java.base/java.util.stream.ReferencePipeline$2$1.accept(ReferencePipeline.java:179) ~[na:na]
	at java.base/java.util.Spliterators$ArraySpliterator.forEachRemaining(Spliterators.java:992) ~[na:na]
	at java.base/java.util.stream.AbstractPipeline.copyInto(AbstractPipeline.java:509) ~[na:na]
	at java.base/java.util.stream.AbstractPipeline.wrapAndCopyInto(AbstractPipeline.java:499) ~[na:na]
	at java.base/java.util.stream.ReduceOps$ReduceOp.evaluateSequential(ReduceOps.java:921) ~[na:na]
	at java.base/java.util.stream.AbstractPipeline.evaluate(AbstractPipeline.java:234) ~[na:na]
	at java.base/java.util.stream.ReferencePipeline.collect(ReferencePipeline.java:682) ~[na:na]
	at org.springframework.data.repository.query.parser.PartTree$Predicate.<init>(PartTree.java:390) ~[spring-data-commons-3.5.5.jar:3.5.5]
	at org.springframework.data.repository.query.parser.PartTree.<init>(PartTree.java:103) ~[spring-data-commons-3.5.5.jar:3.5.5]
	at org.springframework.data.jpa.repository.query.PartTreeJpaQuery.<init>(PartTreeJpaQuery.java:101) ~[spring-data-jpa-3.5.5.jar:3.5.5]
	... 34 common frames omitted

2025-11-11T23:23:06.802+05:30  INFO 54735 --- [lava] [main] com.lava.lava.LavaApplication            : Starting LavaApplication using Java 17.0.16 with PID 54735 (/home/sathsara/Desktop/lava project demo/lava/target/classes started by sathsara in /home/sathsara/Desktop/lava project demo/lava)
2025-11-11T23:23:06.812+05:30  INFO 54735 --- [lava] [main] com.lava.lava.LavaApplication            : No active profile set, falling back to 1 default profile: "default"
2025-11-11T23:23:10.052+05:30  INFO 54735 --- [lava] [main] .s.d.r.c.RepositoryConfigurationDelegate : Bootstrapping Spring Data JPA repositories in DEFAULT mode.
2025-11-11T23:23:10.399+05:30  INFO 54735 --- [lava] [main] .s.d.r.c.RepositoryConfigurationDelegate : Finished Spring Data repository scanning in 317 ms. Found 13 JPA repository interfaces.
2025-11-11T23:23:12.320+05:30  INFO 54735 --- [lava] [main] o.s.b.w.embedded.tomcat.TomcatWebServer  : Tomcat initialized with port 8080 (http)
2025-11-11T23:23:12.360+05:30  INFO 54735 --- [lava] [main] o.apache.catalina.core.StandardService   : Starting service [Tomcat]
2025-11-11T23:23:12.362+05:30  INFO 54735 --- [lava] [main] o.apache.catalina.core.StandardEngine    : Starting Servlet engine: [Apache Tomcat/10.1.48]
2025-11-11T23:23:12.533+05:30  INFO 54735 --- [lava] [main] o.a.c.c.C.[Tomcat].[localhost].[/]       : Initializing Spring embedded WebApplicationContext
2025-11-11T23:23:12.536+05:30  INFO 54735 --- [lava] [main] w.s.c.ServletWebServerApplicationContext : Root WebApplicationContext: initialization completed in 5466 ms
2025-11-11T23:23:13.172+05:30  INFO 54735 --- [lava] [main] o.hibernate.jpa.internal.util.LogHelper  : HHH000204: Processing PersistenceUnitInfo [name: default]
2025-11-11T23:23:13.331+05:30  INFO 54735 --- [lava] [main] org.hibernate.Version                    : HHH000412: Hibernate ORM core version 6.6.33.Final
2025-11-11T23:23:13.455+05:30  INFO 54735 --- [lava] [main] o.h.c.internal.RegionFactoryInitiator    : HHH000026: Second-level cache disabled
2025-11-11T23:23:14.418+05:30  INFO 54735 --- [lava] [main] o.s.o.j.p.SpringPersistenceUnitInfo      : No LoadTimeWeaver setup: ignoring JPA class transformer
2025-11-11T23:23:14.534+05:30  INFO 54735 --- [lava] [main] com.zaxxer.hikari.HikariDataSource       : HikariPool-1 - Starting...
2025-11-11T23:23:15.080+05:30  INFO 54735 --- [lava] [main] com.zaxxer.hikari.pool.HikariPool        : HikariPool-1 - Added connection com.mysql.cj.jdbc.ConnectionImpl@108b121f
2025-11-11T23:23:15.086+05:30  INFO 54735 --- [lava] [main] com.zaxxer.hikari.HikariDataSource       : HikariPool-1 - Start completed.
2025-11-11T23:23:15.206+05:30  WARN 54735 --- [lava] [main] org.hibernate.orm.deprecation            : HHH90000025: MySQL8Dialect does not need to be specified explicitly using 'hibernate.dialect' (remove the property setting and it will be selected by default)
2025-11-11T23:23:15.211+05:30  WARN 54735 --- [lava] [main] org.hibernate.orm.deprecation            : HHH90000026: MySQL8Dialect has been deprecated; use org.hibernate.dialect.MySQLDialect instead
2025-11-11T23:23:15.288+05:30  INFO 54735 --- [lava] [main] org.hibernate.orm.connections.pooling    : HHH10001005: Database info:
	Database JDBC URL [Connecting through datasource 'HikariDataSource (HikariPool-1)']
	Database driver: undefined/unknown
	Database version: 8.0
	Autocommit mode: undefined/unknown
	Isolation level: undefined/unknown
	Minimum pool size: undefined/unknown
	Maximum pool size: undefined/unknown
2025-11-11T23:23:19.145+05:30  INFO 54735 --- [lava] [main] o.h.e.t.j.p.i.JtaPlatformInitiator       : HHH000489: No JTA platform available (set 'hibernate.transaction.jta.platform' to enable JTA platform integration)
2025-11-11T23:23:19.748+05:30  INFO 54735 --- [lava] [main] j.LocalContainerEntityManagerFactoryBean : Initialized JPA EntityManagerFactory for persistence unit 'default'
2025-11-11T23:23:19.909+05:30  WARN 54735 --- [lava] [main] JpaBaseConfiguration$JpaWebConfiguration : spring.jpa.open-in-view is enabled by default. Therefore, database queries may be performed during view rendering. Explicitly configure spring.jpa.open-in-view to disable this warning
2025-11-11T23:23:22.173+05:30  WARN 54735 --- [lava] [main] ConfigServletWebServerApplicationContext : Exception encountered during context initialization - cancelling refresh attempt: org.springframework.beans.factory.BeanCreationException: Error creating bean with name 'payrollRepo' defined in com.lava.lava.repository.PayrollRepo defined in @EnableJpaRepositories declared on JpaRepositoriesRegistrar.EnableJpaRepositoriesConfiguration: Could not create query for public abstract java.util.List com.lava.lava.repository.PayrollRepo.findByPayrollStatus(com.lava.lava.enums.PayrollStatus); Reason: Failed to create query for method public abstract java.util.List com.lava.lava.repository.PayrollRepo.findByPayrollStatus(com.lava.lava.enums.PayrollStatus); No property 'payrollStatus' found for type 'Payroll'
2025-11-11T23:23:22.177+05:30  INFO 54735 --- [lava] [main] j.LocalContainerEntityManagerFactoryBean : Closing JPA EntityManagerFactory for persistence unit 'default'
2025-11-11T23:23:22.190+05:30  INFO 54735 --- [lava] [main] com.zaxxer.hikari.HikariDataSource       : HikariPool-1 - Shutdown initiated...
2025-11-11T23:23:22.223+05:30  INFO 54735 --- [lava] [main] com.zaxxer.hikari.HikariDataSource       : HikariPool-1 - Shutdown completed.
2025-11-11T23:23:22.234+05:30  INFO 54735 --- [lava] [main] o.apache.catalina.core.StandardService   : Stopping service [Tomcat]
2025-11-11T23:23:22.303+05:30  INFO 54735 --- [lava] [main] .s.b.a.l.ConditionEvaluationReportLogger : 

Error starting ApplicationContext. To display the condition evaluation report re-run your application with 'debug' enabled.
2025-11-11T23:23:22.380+05:30 ERROR 54735 --- [lava] [main] o.s.boot.SpringApplication               : Application run failed

org.springframework.beans.factory.BeanCreationException: Error creating bean with name 'payrollRepo' defined in com.lava.lava.repository.PayrollRepo defined in @EnableJpaRepositories declared on JpaRepositoriesRegistrar.EnableJpaRepositoriesConfiguration: Could not create query for public abstract java.util.List com.lava.lava.repository.PayrollRepo.findByPayrollStatus(com.lava.lava.enums.PayrollStatus); Reason: Failed to create query for method public abstract java.util.List com.lava.lava.repository.PayrollRepo.findByPayrollStatus(com.lava.lava.enums.PayrollStatus); No property 'payrollStatus' found for type 'Payroll'
	at org.springframework.beans.factory.support.AbstractAutowireCapableBeanFactory.initializeBean(AbstractAutowireCapableBeanFactory.java:1826) ~[spring-beans-6.2.12.jar:6.2.12]
	at org.springframework.beans.factory.support.AbstractAutowireCapableBeanFactory.doCreateBean(AbstractAutowireCapableBeanFactory.java:607) ~[spring-beans-6.2.12.jar:6.2.12]
	at org.springframework.beans.factory.support.AbstractAutowireCapableBeanFactory.createBean(AbstractAutowireCapableBeanFactory.java:529) ~[spring-beans-6.2.12.jar:6.2.12]
	at org.springframework.beans.factory.support.AbstractBeanFactory.lambda$doGetBean$0(AbstractBeanFactory.java:339) ~[spring-beans-6.2.12.jar:6.2.12]
	at org.springframework.beans.factory.support.DefaultSingletonBeanRegistry.getSingleton(DefaultSingletonBeanRegistry.java:373) ~[spring-beans-6.2.12.jar:6.2.12]
	at org.springframework.beans.factory.support.AbstractBeanFactory.doGetBean(AbstractBeanFactory.java:337) ~[spring-beans-6.2.12.jar:6.2.12]
	at org.springframework.beans.factory.support.AbstractBeanFactory.getBean(AbstractBeanFactory.java:202) ~[spring-beans-6.2.12.jar:6.2.12]
	at org.springframework.beans.factory.support.DefaultListableBeanFactory.instantiateSingleton(DefaultListableBeanFactory.java:1222) ~[spring-beans-6.2.12.jar:6.2.12]
	at org.springframework.beans.factory.support.DefaultListableBeanFactory.preInstantiateSingleton(DefaultListableBeanFactory.java:1194) ~[spring-beans-6.2.12.jar:6.2.12]
	at org.springframework.beans.factory.support.DefaultListableBeanFactory.preInstantiateSingletons(DefaultListableBeanFactory.java:1130) ~[spring-beans-6.2.12.jar:6.2.12]
	at org.springframework.context.support.AbstractApplicationContext.finishBeanFactoryInitialization(AbstractApplicationContext.java:990) ~[spring-context-6.2.12.jar:6.2.12]
	at org.springframework.context.support.AbstractApplicationContext.refresh(AbstractApplicationContext.java:627) ~[spring-context-6.2.12.jar:6.2.12]
	at org.springframework.boot.web.servlet.context.ServletWebServerApplicationContext.refresh(ServletWebServerApplicationContext.java:146) ~[spring-boot-3.5.7.jar:3.5.7]
	at org.springframework.boot.SpringApplication.refresh(SpringApplication.java:752) ~[spring-boot-3.5.7.jar:3.5.7]
	at org.springframework.boot.SpringApplication.refreshContext(SpringApplication.java:439) ~[spring-boot-3.5.7.jar:3.5.7]
	at org.springframework.boot.SpringApplication.run(SpringApplication.java:318) ~[spring-boot-3.5.7.jar:3.5.7]
	at org.springframework.boot.SpringApplication.run(SpringApplication.java:1361) ~[spring-boot-3.5.7.jar:3.5.7]
	at org.springframework.boot.SpringApplication.run(SpringApplication.java:1350) ~[spring-boot-3.5.7.jar:3.5.7]
	at com.lava.lava.LavaApplication.main(LavaApplication.java:13) ~[classes/:na]
Caused by: org.springframework.data.repository.query.QueryCreationException: Could not create query for public abstract java.util.List com.lava.lava.repository.PayrollRepo.findByPayrollStatus(com.lava.lava.enums.PayrollStatus); Reason: Failed to create query for method public abstract java.util.List com.lava.lava.repository.PayrollRepo.findByPayrollStatus(com.lava.lava.enums.PayrollStatus); No property 'payrollStatus' found for type 'Payroll'
	at org.springframework.data.repository.query.QueryCreationException.create(QueryCreationException.java:101) ~[spring-data-commons-3.5.5.jar:3.5.5]
	at org.springframework.data.repository.core.support.QueryExecutorMethodInterceptor.lookupQuery(QueryExecutorMethodInterceptor.java:120) ~[spring-data-commons-3.5.5.jar:3.5.5]
	at org.springframework.data.repository.core.support.QueryExecutorMethodInterceptor.mapMethodsToQuery(QueryExecutorMethodInterceptor.java:104) ~[spring-data-commons-3.5.5.jar:3.5.5]
	at org.springframework.data.repository.core.support.QueryExecutorMethodInterceptor.lambda$new$0(QueryExecutorMethodInterceptor.java:92) ~[spring-data-commons-3.5.5.jar:3.5.5]
	at java.base/java.util.Optional.map(Optional.java:260) ~[na:na]
	at org.springframework.data.repository.core.support.QueryExecutorMethodInterceptor.<init>(QueryExecutorMethodInterceptor.java:92) ~[spring-data-commons-3.5.5.jar:3.5.5]
	at org.springframework.data.repository.core.support.RepositoryFactorySupport.getRepository(RepositoryFactorySupport.java:434) ~[spring-data-commons-3.5.5.jar:3.5.5]
	at org.springframework.data.repository.core.support.RepositoryFactoryBeanSupport.lambda$afterPropertiesSet$4(RepositoryFactoryBeanSupport.java:350) ~[spring-data-commons-3.5.5.jar:3.5.5]
	at org.springframework.data.util.Lazy.getNullable(Lazy.java:135) ~[spring-data-commons-3.5.5.jar:3.5.5]
	at org.springframework.data.util.Lazy.get(Lazy.java:113) ~[spring-data-commons-3.5.5.jar:3.5.5]
	at org.springframework.data.repository.core.support.RepositoryFactoryBeanSupport.afterPropertiesSet(RepositoryFactoryBeanSupport.java:356) ~[spring-data-commons-3.5.5.jar:3.5.5]
	at org.springframework.data.jpa.repository.support.JpaRepositoryFactoryBean.afterPropertiesSet(JpaRepositoryFactoryBean.java:132) ~[spring-data-jpa-3.5.5.jar:3.5.5]
	at org.springframework.beans.factory.support.AbstractAutowireCapableBeanFactory.invokeInitMethods(AbstractAutowireCapableBeanFactory.java:1873) ~[spring-beans-6.2.12.jar:6.2.12]
	at org.springframework.beans.factory.support.AbstractAutowireCapableBeanFactory.initializeBean(AbstractAutowireCapableBeanFactory.java:1822) ~[spring-beans-6.2.12.jar:6.2.12]
	... 18 common frames omitted
Caused by: java.lang.IllegalArgumentException: Failed to create query for method public abstract java.util.List com.lava.lava.repository.PayrollRepo.findByPayrollStatus(com.lava.lava.enums.PayrollStatus); No property 'payrollStatus' found for type 'Payroll'
	at org.springframework.data.jpa.repository.query.PartTreeJpaQuery.<init>(PartTreeJpaQuery.java:107) ~[spring-data-jpa-3.5.5.jar:3.5.5]
	at org.springframework.data.jpa.repository.query.JpaQueryLookupStrategy$CreateQueryLookupStrategy.resolveQuery(JpaQueryLookupStrategy.java:128) ~[spring-data-jpa-3.5.5.jar:3.5.5]
	at org.springframework.data.jpa.repository.query.JpaQueryLookupStrategy$CreateIfNotFoundQueryLookupStrategy.resolveQuery(JpaQueryLookupStrategy.java:260) ~[spring-data-jpa-3.5.5.jar:3.5.5]
	at org.springframework.data.jpa.repository.query.JpaQueryLookupStrategy$AbstractQueryLookupStrategy.resolveQuery(JpaQueryLookupStrategy.java:99) ~[spring-data-jpa-3.5.5.jar:3.5.5]
	at org.springframework.data.repository.core.support.QueryExecutorMethodInterceptor.lookupQuery(QueryExecutorMethodInterceptor.java:116) ~[spring-data-commons-3.5.5.jar:3.5.5]
	... 30 common frames omitted
Caused by: org.springframework.data.mapping.PropertyReferenceException: No property 'payrollStatus' found for type 'Payroll'
	at org.springframework.data.mapping.PropertyPath.<init>(PropertyPath.java:94) ~[spring-data-commons-3.5.5.jar:3.5.5]
	at org.springframework.data.mapping.PropertyPath.create(PropertyPath.java:455) ~[spring-data-commons-3.5.5.jar:3.5.5]
	at org.springframework.data.mapping.PropertyPath.create(PropertyPath.java:431) ~[spring-data-commons-3.5.5.jar:3.5.5]
	at org.springframework.data.mapping.PropertyPath.lambda$from$0(PropertyPath.java:384) ~[spring-data-commons-3.5.5.jar:3.5.5]
	at java.base/java.util.concurrent.ConcurrentMap.computeIfAbsent(ConcurrentMap.java:330) ~[na:na]
	at org.springframework.data.mapping.PropertyPath.from(PropertyPath.java:366) ~[spring-data-commons-3.5.5.jar:3.5.5]
	at org.springframework.data.mapping.PropertyPath.from(PropertyPath.java:344) ~[spring-data-commons-3.5.5.jar:3.5.5]
	at org.springframework.data.repository.query.parser.Part.<init>(Part.java:81) ~[spring-data-commons-3.5.5.jar:3.5.5]
	at org.springframework.data.repository.query.parser.PartTree$OrPart.lambda$new$0(PartTree.java:259) ~[spring-data-commons-3.5.5.jar:3.5.5]
	at java.base/java.util.stream.ReferencePipeline$3$1.accept(ReferencePipeline.java:197) ~[na:na]
	at java.base/java.util.stream.ReferencePipeline$2$1.accept(ReferencePipeline.java:179) ~[na:na]
	at java.base/java.util.Spliterators$ArraySpliterator.forEachRemaining(Spliterators.java:992) ~[na:na]
	at java.base/java.util.stream.AbstractPipeline.copyInto(AbstractPipeline.java:509) ~[na:na]
	at java.base/java.util.stream.AbstractPipeline.wrapAndCopyInto(AbstractPipeline.java:499) ~[na:na]
	at java.base/java.util.stream.ReduceOps$ReduceOp.evaluateSequential(ReduceOps.java:921) ~[na:na]
	at java.base/java.util.stream.AbstractPipeline.evaluate(AbstractPipeline.java:234) ~[na:na]
	at java.base/java.util.stream.ReferencePipeline.collect(ReferencePipeline.java:682) ~[na:na]
	at org.springframework.data.repository.query.parser.PartTree$OrPart.<init>(PartTree.java:260) ~[spring-data-commons-3.5.5.jar:3.5.5]
	at org.springframework.data.repository.query.parser.PartTree$Predicate.lambda$new$0(PartTree.java:389) ~[spring-data-commons-3.5.5.jar:3.5.5]
	at java.base/java.util.stream.ReferencePipeline$3$1.accept(ReferencePipeline.java:197) ~[na:na]
	at java.base/java.util.stream.ReferencePipeline$2$1.accept(ReferencePipeline.java:179) ~[na:na]
	at java.base/java.util.Spliterators$ArraySpliterator.forEachRemaining(Spliterators.java:992) ~[na:na]
	at java.base/java.util.stream.AbstractPipeline.copyInto(AbstractPipeline.java:509) ~[na:na]
	at java.base/java.util.stream.AbstractPipeline.wrapAndCopyInto(AbstractPipeline.java:499) ~[na:na]
	at java.base/java.util.stream.ReduceOps$ReduceOp.evaluateSequential(ReduceOps.java:921) ~[na:na]
	at java.base/java.util.stream.AbstractPipeline.evaluate(AbstractPipeline.java:234) ~[na:na]
	at java.base/java.util.stream.ReferencePipeline.collect(ReferencePipeline.java:682) ~[na:na]
	at org.springframework.data.repository.query.parser.PartTree$Predicate.<init>(PartTree.java:390) ~[spring-data-commons-3.5.5.jar:3.5.5]
	at org.springframework.data.repository.query.parser.PartTree.<init>(PartTree.java:103) ~[spring-data-commons-3.5.5.jar:3.5.5]
	at org.springframework.data.jpa.repository.query.PartTreeJpaQuery.<init>(PartTreeJpaQuery.java:101) ~[spring-data-jpa-3.5.5.jar:3.5.5]
	... 34 common frames omitted

2025-11-11T23:24:24.191+05:30  INFO 54862 --- [lava] [main] com.lava.lava.LavaApplication            : Starting LavaApplication using Java 17.0.16 with PID 54862 (/home/sathsara/Desktop/lava project demo/lava/target/classes started by sathsara in /home/sathsara/Desktop/lava project demo/lava)
2025-11-11T23:24:24.203+05:30  INFO 54862 --- [lava] [main] com.lava.lava.LavaApplication            : No active profile set, falling back to 1 default profile: "default"
2025-11-11T23:24:27.778+05:30  INFO 54862 --- [lava] [main] .s.d.r.c.RepositoryConfigurationDelegate : Bootstrapping Spring Data JPA repositories in DEFAULT mode.
2025-11-11T23:24:28.405+05:30  INFO 54862 --- [lava] [main] .s.d.r.c.RepositoryConfigurationDelegate : Finished Spring Data repository scanning in 573 ms. Found 13 JPA repository interfaces.
2025-11-11T23:24:30.458+05:30  INFO 54862 --- [lava] [main] o.s.b.w.embedded.tomcat.TomcatWebServer  : Tomcat initialized with port 8080 (http)
2025-11-11T23:24:30.504+05:30  INFO 54862 --- [lava] [main] o.apache.catalina.core.StandardService   : Starting service [Tomcat]
2025-11-11T23:24:30.505+05:30  INFO 54862 --- [lava] [main] o.apache.catalina.core.StandardEngine    : Starting Servlet engine: [Apache Tomcat/10.1.48]
2025-11-11T23:24:30.676+05:30  INFO 54862 --- [lava] [main] o.a.c.c.C.[Tomcat].[localhost].[/]       : Initializing Spring embedded WebApplicationContext
2025-11-11T23:24:30.678+05:30  INFO 54862 --- [lava] [main] w.s.c.ServletWebServerApplicationContext : Root WebApplicationContext: initialization completed in 6225 ms
2025-11-11T23:24:31.308+05:30  INFO 54862 --- [lava] [main] o.hibernate.jpa.internal.util.LogHelper  : HHH000204: Processing PersistenceUnitInfo [name: default]
2025-11-11T23:24:31.462+05:30  INFO 54862 --- [lava] [main] org.hibernate.Version                    : HHH000412: Hibernate ORM core version 6.6.33.Final
2025-11-11T23:24:31.588+05:30  INFO 54862 --- [lava] [main] o.h.c.internal.RegionFactoryInitiator    : HHH000026: Second-level cache disabled
2025-11-11T23:24:32.498+05:30  INFO 54862 --- [lava] [main] o.s.o.j.p.SpringPersistenceUnitInfo      : No LoadTimeWeaver setup: ignoring JPA class transformer
2025-11-11T23:24:32.611+05:30  INFO 54862 --- [lava] [main] com.zaxxer.hikari.HikariDataSource       : HikariPool-1 - Starting...
2025-11-11T23:24:33.120+05:30  INFO 54862 --- [lava] [main] com.zaxxer.hikari.pool.HikariPool        : HikariPool-1 - Added connection com.mysql.cj.jdbc.ConnectionImpl@55951fcd
2025-11-11T23:24:33.126+05:30  INFO 54862 --- [lava] [main] com.zaxxer.hikari.HikariDataSource       : HikariPool-1 - Start completed.
2025-11-11T23:24:33.318+05:30  WARN 54862 --- [lava] [main] org.hibernate.orm.deprecation            : HHH90000025: MySQL8Dialect does not need to be specified explicitly using 'hibernate.dialect' (remove the property setting and it will be selected by default)
2025-11-11T23:24:33.320+05:30  WARN 54862 --- [lava] [main] org.hibernate.orm.deprecation            : HHH90000026: MySQL8Dialect has been deprecated; use org.hibernate.dialect.MySQLDialect instead
2025-11-11T23:24:33.474+05:30  INFO 54862 --- [lava] [main] org.hibernate.orm.connections.pooling    : HHH10001005: Database info:
	Database JDBC URL [Connecting through datasource 'HikariDataSource (HikariPool-1)']
	Database driver: undefined/unknown
	Database version: 8.0
	Autocommit mode: undefined/unknown
	Isolation level: undefined/unknown
	Minimum pool size: undefined/unknown
	Maximum pool size: undefined/unknown
2025-11-11T23:24:37.568+05:30  INFO 54862 --- [lava] [main] o.h.e.t.j.p.i.JtaPlatformInitiator       : HHH000489: No JTA platform available (set 'hibernate.transaction.jta.platform' to enable JTA platform integration)
2025-11-11T23:24:38.125+05:30  INFO 54862 --- [lava] [main] j.LocalContainerEntityManagerFactoryBean : Initialized JPA EntityManagerFactory for persistence unit 'default'
2025-11-11T23:24:38.292+05:30  WARN 54862 --- [lava] [main] JpaBaseConfiguration$JpaWebConfiguration : spring.jpa.open-in-view is enabled by default. Therefore, database queries may be performed during view rendering. Explicitly configure spring.jpa.open-in-view to disable this warning
2025-11-11T23:24:41.428+05:30  INFO 54862 --- [lava] [main] o.s.b.w.embedded.tomcat.TomcatWebServer  : Tomcat started on port 8080 (http) with context path '/'
2025-11-11T23:24:41.470+05:30  INFO 54862 --- [lava] [main] com.lava.lava.LavaApplication            : Started LavaApplication in 19.262 seconds (process running for 22.096)
2025-11-11T23:24:41.485+05:30  INFO 54862 --- [lava] [main] com.lava.lava.LavaApplication            : 🚀 Lava Payroll Management System started successfully!
